,barName,Zip code,barRating,barlatitude,barlongitude
0,Hideaway Kitchen & Bar,78744,4.5,30.21165,-97.75281
1,Crow Bar,78704,3.5,30.23134,-97.75961
2,St Elmo Brewing Company,78745,4.5,30.2174492910035,-97.7610477949677
3,Rewind,78741,3.0,30.4758816,-97.6731567
4,Warehouse Billiard Bar,78704,3.5,30.2185592651367,-97.757682800293
5,Cosmic Coffee + Beer Garden,78704,4.5,30.2274,-97.76272
6,Spokesman,78745,4.5,30.2164715,-97.7618791
7,Whip In,78704,4.0,30.2379359562403,-97.7394390106201
8,The 04 Lounge,78704,3.5,30.2257133520068,-97.762843803094
9,Toss Pizzeria & Pub,78704,4.0,30.2363363,-97.762862
10,Clicks Billiards,78741,3.0,30.2300090789795,-97.7326126098633
11,Opal Divines Austin Grill,78704,3.5,30.23571,-97.74075
12,Café Crème,78741,4.5,30.23187,-97.73568
13,El Jacalito Restaurant,78741,3.0,30.2307,-97.73214
14,Tarbouch Lebanese Grill & Hookah,78704,4.0,30.2371318596233,-97.7496900781989
15,Firehouse Lounge,78701,4.5,30.268173,-97.741043
16,The Roosevelt Room,78701,4.5,30.2677,-97.74627
17,Edge Rooftop Pool Bar,78701,5.0,30.2643864129296,-97.7436428743045
18,She's Not Here,78701,4.0,30.2656463300085,-97.7483603730798
19,The Good Life Bar Bar,78701,4.5,30.2665700053185,-97.7415906351087
20,HandleBar,78701,4.0,30.26661,-97.74204
21,Dive Bar and Lounge,78701,4.5,30.2798841,-97.7421312
22,Mugshots,78701,4.5,30.2676,-97.73849
23,Nickle City,78702,4.0,30.26856,-97.7281
24,Midnight Cowboy,78701,4.0,30.266983,-97.740028
25,The Jackalope,78701,4.0,30.26732,-97.73892
26,Small Victory,78701,4.5,30.2689112,-97.7416833
27,Garage,78701,4.0,30.2676758046831,-97.7440973042297
28,Azul Rooftop Pool Bar + Lounge,78701,4.5,30.266635,-97.740319
29,Mort Subite,78701,4.5,30.265719,-97.7439904
30,Academia,78701,4.5,30.2668741300305,-97.7453676983714
31,The Market and Tap Room,78701,4.0,30.2663307,-97.7447205
32,The Townsend,78701,4.0,30.26978,-97.74263
33,Pour Choices,78701,4.0,30.2669479091807,-97.73925183345
34,The Driskill Bar,78701,4.0,30.26807,-97.74168
35,Whisler's,78702,4.5,30.2619673762692,-97.7226847531614
36,Gotham,78702,4.5,30.25889,-97.7258
37,Nickle City,78702,4.0,30.26856,-97.7281
38,The Lost Well,78702,4.5,30.262714805058,-97.7145181439692
39,Kitty Cohen's,78702,4.0,30.2618179321289,-97.7163848876953
40,Attabar,78702,4.5,30.26429,-97.7292
41,Full Circle Bar,78702,4.5,30.27392,-97.72037
42,Apt 115,78702,5.0,30.2616,-97.71982
43,Gourmands Neighborhood Pub,78702,4.0,30.26265,-97.71539
44,The Wheel,78702,4.5,30.280246473018,-97.7208685643035
45,Violet Crown Social Club,78702,4.5,30.26426,-97.73078
46,Stay Gold,78702,4.0,30.2570762634277,-97.7237091064453
47,The Liberty,78702,4.0,30.2626674,-97.7251338
48,Yellow Jacket Social Club,78702,4.0,30.26159,-97.72456
49,St. Roch's Bar,78702,4.0,30.25862,-97.7146099
50,Revelry Kitchen + Bar,78702,4.5,30.2637173006037,-97.7277220894538
51,Hi Hat Public House,78702,4.5,30.26023,-97.71893
52,King Bee Lounge,78702,4.5,30.2740546417273,-97.7197040731558
53,Craftsman,78702,3.5,30.25692,-97.7234
54,Hard Luck Lounge,78702,4.5,30.2564602,-97.701889
55,She's Not Here,78701,4.0,30.2656463300085,-97.7483603730798
56,The Roosevelt Room,78701,4.5,30.2677,-97.74627
57,The Mean Eyed Cat,78703,4.0,30.27452,-97.76496
58,Nightcap,78703,4.0,30.27371,-97.76045
59,Deep Eddy Cabaret,78703,4.5,30.2778909,-97.7724955
60,Donn's Depot,78703,4.5,30.27413,-97.76333
61,Tiniest Bar in Texas,78703,4.0,30.2694944344825,-97.7531080700845
62,The Beer Plant,78703,4.0,30.2965180811856,-97.7678042803603
63,Parlor and Yard,78701,4.0,30.26946,-97.74875
64,Mort Subite,78701,4.5,30.265719,-97.7439904
65,Academia,78701,4.5,30.2668741300305,-97.7453676983714
66,Cover 3,78703,4.0,30.2761773651651,-97.7656084588242
67,The Market and Tap Room,78701,4.0,30.2663307,-97.7447205
68,Garage,78701,4.0,30.2676758046831,-97.7440973042297
69,The Secret Bar,78701,3.5,30.26535,-97.74671
70,Better Half Coffee & Cocktails,78703,4.0,30.27137,-97.75839
71,Rustic Tap,78701,4.0,30.269679,-97.749197
72,Roscoe's Bar,78705,4.0,30.2886981964111,-97.748176574707
73,Boiler Nine,78701,4.0,30.266862,-97.752903
74,Irene's,78701,4.0,30.269838,-97.751213
75,One-2-One Bar,78704,4.5,30.2519187927246,-97.7635116577148
76,Corner Bar,78704,3.5,30.249415,-97.766958
77,Aviary Wine & Kitchen,78704,4.5,30.24824,-97.7715
78,Mattie's,78704,4.0,30.244963,-97.762289
79,The Golden Goose,78704,3.5,30.2492562575998,-97.7689180730169
80,Crow Bar,78704,3.5,30.23134,-97.75961
81,Jade Room,78704,3.5,30.243746,-97.752289
82,Watertrade,78704,5.0,30.2473650623443,-97.75011587888
83,Gibson Bar,78704,3.5,30.25502,-97.76177
84,Continental Club,78704,4.0,30.2504978179932,-97.7490234375
85,C-Boys Heart & Soul,78704,4.0,30.243746,-97.752289
86,Eberly,78704,4.0,30.2587887974766,-97.7587449596709
87,Odd Duck,78704,4.5,30.25452,-97.762064
88,Lenoir,78704,4.0,30.24686,-97.75586
89,Black Sheep Lodge,78704,3.5,30.24837,-97.77118
90,SquareRut Kava Bar,78704,4.5,30.2619680504078,-97.7618099749088
91,G&S Lounge,78704,3.0,30.24135,-97.76046
92,Winebelly,78704,4.0,30.24141,-97.75892
93,Toss Pizzeria & Pub,78704,4.0,30.2363363,-97.762862
94,Loro,78704,4.0,30.24775,-97.77127
95,Hole in the Wall,78705,4.0,30.29005,-97.74161
96,Back Lot,78705,5.0,30.30189,-97.73936
97,Growler USA - Austin,78705,4.5,30.2955795,-97.7434722
98,Dive Bar and Lounge,78701,4.5,30.2798841,-97.7421312
99,Hopfields,78705,4.0,30.2985538576336,-97.7409893637848
100,Crown and Anchor Pub,78705,4.0,30.2924600026945,-97.7357137160887
101,Love Goat,78705,3.5,30.29283,-97.7417399
102,Draught House Pub & Brewery,78756,4.5,30.31098,-97.74283
103,Spider House Ballroom,78705,4.0,30.2953743,-97.7420442
104,Spider House Cafe & Ballroom,78705,3.5,30.295505,-97.741761
105,The Local Pub and Patio,78705,3.5,30.2915658,-97.7414793
106,The Drag Bar,78705,3.5,30.28708,-97.74186
107,Roscoe's Bar,78705,4.0,30.2886981964111,-97.748176574707
108,Cain and Abel's,78705,3.0,30.28768,-97.74448
109,Cactus Cafe,78713,4.5,30.2861233893208,-97.7410697937012
110,The Rooftop Bar,78705,2.0,30.29283,-97.7417399
111,Freedmen's,78705,4.0,30.288439,-97.747897
112,Posse East,78705,4.0,30.29142,-97.73465
113,Guild,78756,3.5,30.3060027879118,-97.7431749925017
114,Vino Vino,78751,4.0,30.3069966,-97.7352997
115,Detour,78758,3.5,30.39442,-97.72019
116,Yard House,78758,4.0,30.4053,-97.72308
117,Jack & Gingers,78758,3.5,30.4011283513491,-97.7228807096988
118,Culinary Dropout,78758,4.0,30.403653,-97.721503
119,Draft Shack Oyster Bar,78758,4.0,30.4062692,-97.7202672
120,St. Genevieve,78758,3.5,30.4013526371326,-97.7228714453827
121,Maki Toki,78758,3.0,30.3931,-97.706923
122,Paris Hookah Lounge,78758,4.0,30.3794915,-97.7126344
123,Second Bar + Kitchen,78758,4.0,30.4023750200579,-97.721345834434
124,The Canary Roost,78758,3.0,30.4006140494032,-97.7038837734032
125,Topgolf,78758,4.0,30.3982988883254,-97.7175606715332
126,Doc B's Fresh Kitchen,78758,4.5,30.402758,-97.719745
127,Bazille,78758,4.5,30.4022442392014,-97.7204028617381
128,Kung Fu Saloon,78758,2.5,30.400905,-97.722687
129,Chuy's,78753,4.0,30.3751687,-97.6905747
130,Toulouse Cafe and Bar,78758,4.0,30.40283,-97.72161
131,Cyclone Anaya's Tex-Mex Cantina,78758,3.0,30.40283,-97.72161
132,Taqueria Las Chivas Jalisco,78753,3.5,30.377566,-97.708694
133,Side Pocket Billiards,78753,2.5,30.37593,-97.6894499
134,Boomerz,78735,3.5,30.2363456598715,-97.8561775190617
135,The Detour,78735,3.0,30.2335573,-97.8661206
136,Chuy's,78749,3.5,30.217729,-97.841512
137,Austin Pizza Garden,78735,3.5,30.2357725,-97.8590558
138,Happy Trails,78749,5.0,30.22135,-97.83949
139,Flores Mexican Restaurant,78749,3.0,30.2230527605093,-97.8428162365291
140,The Mansion,78724,1.0,30.325682,-97.657669
141,Dive Bar and Lounge,78701,4.5,30.2798841,-97.7421312
142,Firehouse Lounge,78701,4.5,30.268173,-97.741043
143,Edge Rooftop Pool Bar,78701,5.0,30.2643864129296,-97.7436428743045
144,The Roosevelt Room,78701,4.5,30.2677,-97.74627
145,She's Not Here,78701,4.0,30.2656463300085,-97.7483603730798
146,Nickle City,78702,4.0,30.26856,-97.7281
147,The Good Life Bar Bar,78701,4.5,30.2665700053185,-97.7415906351087
148,HandleBar,78701,4.0,30.26661,-97.74204
149,Mugshots,78701,4.5,30.2676,-97.73849
150,The Wheel,78702,4.5,30.280246473018,-97.7208685643035
151,The Cloak Room,78701,3.5,30.2756075728875,-97.7420997619629
152,The Jackalope,78701,4.0,30.26732,-97.73892
153,Midnight Cowboy,78701,4.0,30.266983,-97.740028
154,Attabar,78702,4.5,30.26429,-97.7292
155,Cheer Up Charlie's,78701,4.0,30.2696098,-97.7363583
156,Azul Rooftop Pool Bar + Lounge,78701,4.5,30.266635,-97.740319
157,Mort Subite,78701,4.5,30.265719,-97.7439904
158,Small Victory,78701,4.5,30.2689112,-97.7416833
159,Garage,78701,4.0,30.2676758046831,-97.7440973042297
160,Hole in the Wall,78705,4.0,30.29005,-97.74161
161,Dive Bar and Lounge,78701,4.5,30.2798841,-97.7421312
162,Firehouse Lounge,78701,4.5,30.268173,-97.741043
163,Nickle City,78702,4.0,30.26856,-97.7281
164,The Roosevelt Room,78701,4.5,30.2677,-97.74627
165,The Wheel,78702,4.5,30.280246473018,-97.7208685643035
166,Hole in the Wall,78705,4.0,30.29005,-97.74161
167,The Butterfly Bar,78722,4.0,30.28442,-97.71744
168,Techo Mezcaleria & Agave Bar,78722,4.5,30.28412,-97.7189099
169,Crown and Anchor Pub,78705,4.0,30.2924600026945,-97.7357137160887
170,Full Circle Bar,78702,4.5,30.27392,-97.72037
171,Mugshots,78701,4.5,30.2676,-97.73849
172,Back Lot,78705,5.0,30.30189,-97.73936
173,Cactus Cafe,78713,4.5,30.2861233893208,-97.7410697937012
174,The Jackalope,78701,4.0,30.26732,-97.73892
175,The Drag Bar,78705,3.5,30.28708,-97.74186
176,Midnight Cowboy,78701,4.0,30.266983,-97.740028
177,The Cloak Room,78701,3.5,30.2756075728875,-97.7420997619629
178,Cheer Up Charlie's,78701,4.0,30.2696098,-97.7363583
179,Hopfields,78705,4.0,30.2985538576336,-97.7409893637848
180,Growler USA - Austin,78705,4.5,30.2955795,-97.7434722
181,Dive Bar and Lounge,78701,4.5,30.2798841,-97.7421312
182,Firehouse Lounge,78701,4.5,30.268173,-97.741043
183,The Roosevelt Room,78701,4.5,30.2677,-97.74627
184,Edge Rooftop Pool Bar,78701,5.0,30.2643864129296,-97.7436428743045
185,She's Not Here,78701,4.0,30.2656463300085,-97.7483603730798
186,The Good Life Bar Bar,78701,4.5,30.2665700053185,-97.7415906351087
187,Nickle City,78702,4.0,30.26856,-97.7281
188,HandleBar,78701,4.0,30.26661,-97.74204
189,Mugshots,78701,4.5,30.2676,-97.73849
190,The Cloak Room,78701,3.5,30.2756075728875,-97.7420997619629
191,Hole in the Wall,78705,4.0,30.29005,-97.74161
192,Midnight Cowboy,78701,4.0,30.266983,-97.740028
193,The Jackalope,78701,4.0,30.26732,-97.73892
194,Attabar,78702,4.5,30.26429,-97.7292
195,Whisler's,78702,4.5,30.2619673762692,-97.7226847531614
196,Cheer Up Charlie's,78701,4.0,30.2696098,-97.7363583
197,Mort Subite,78701,4.5,30.265719,-97.7439904
198,Garage,78701,4.0,30.2676758046831,-97.7440973042297
199,Azul Rooftop Pool Bar + Lounge,78701,4.5,30.266635,-97.740319
200,Small Victory,78701,4.5,30.2689112,-97.7416833
201,The Beer Plant,78703,4.0,30.2965180811856,-97.7678042803603
202,Abel's On the Lake,78703,2.5,30.29493,-97.78381
203,Bike & Brew ATX,78702,5.0,30.25841,-97.71143
204,Rusty Cannon Pub,78745,3.5,30.20985,-97.7820799
205,Westgate Lanes,78745,3.5,30.2067832946777,-97.8164367675781
206,Austin Hookah Lounge,78745,4.0,30.22483,-97.8032
207,D K Sushi Restaurant,78745,3.5,30.200511932373,-97.7860488891602
208,Pintos Party,78664,3.5,30.52913,-97.683
209,Las Palomas Restaurant & Bar,78746,3.5,30.271881,-97.800071
210,Bike & Brew ATX,78702,5.0,30.25841,-97.71143
211,The Rotten Bunch,78717,4.5,30.4984434463754,-97.777564941803
212,The League Kitchen & Tavern,78717,4.0,30.4977090461029,-97.7737116701834
213,Morelia Mexican Grill,78717,3.0,30.486592,-97.769706
214,Detour,78758,3.5,30.39442,-97.72019
215,Yard House,78758,4.0,30.4053,-97.72308
216,Jack & Gingers,78758,3.5,30.4011283513491,-97.7228807096988
217,Culinary Dropout,78758,4.0,30.403653,-97.721503
218,Draft Shack Oyster Bar,78758,4.0,30.4062692,-97.7202672
219,St. Genevieve,78758,3.5,30.4013526371326,-97.7228714453827
220,Maki Toki,78758,3.0,30.3931,-97.706923
221,Paris Hookah Lounge,78758,4.0,30.3794915,-97.7126344
222,Second Bar + Kitchen,78758,4.0,30.4023750200579,-97.721345834434
223,The Canary Roost,78758,3.0,30.4006140494032,-97.7038837734032
224,Topgolf,78758,4.0,30.3982988883254,-97.7175606715332
225,Doc B's Fresh Kitchen,78758,4.5,30.402758,-97.719745
226,Bazille,78758,4.5,30.4022442392014,-97.7204028617381
227,Kung Fu Saloon,78758,2.5,30.400905,-97.722687
228,Chuy's,78753,4.0,30.3751687,-97.6905747
229,Toulouse Cafe and Bar,78758,4.0,30.40283,-97.72161
230,Cyclone Anaya's Tex-Mex Cantina,78758,3.0,30.40283,-97.72161
231,Taqueria Las Chivas Jalisco,78753,3.5,30.377566,-97.708694
232,Side Pocket Billiards,78753,2.5,30.37593,-97.6894499
233,Vino Volo,78617,4.0,30.1997730903084,-97.6649259655231
234,Ray Benson's Roadhouse Bar,78719,1.5,30.2019607476429,-97.6669872857055
235,Saxon Pub,78617,2.0,30.2022582593851,-97.6655642692615
236,Annie's Cafe and Bar,78719,3.0,30.2022583404733,-97.670186237326
237,Earl Campbell's Sports Bar,78719,2.0,30.2022828037756,-97.6696040577532
238,Hippies & Hops,78719,2.0,30.20215,-97.66713
239,Departure Lounge,78719,3.5,30.2019844449803,-97.6665412061124
240,Bike & Brew ATX,78702,5.0,30.25841,-97.71143
241,Saxon Pub,78719,1.5,30.2022114,-97.6678722
242,American Airlines Admirals Club,78719,3.5,30.202169,-97.667075
243,United Club,78719,3.5,30.2021489,-97.666829
244,Pour House Pints And Pies,78759,4.0,30.4228443049482,-97.7553981431361
245,Hookah Buzz,78759,5.0,30.4175368500966,-97.7456080926093
246,Riata Bar and Grill,78727,3.5,30.4285390454003,-97.7499593688638
247,Brick House Tavern + Tap,78759,3.5,30.4179506798627,-97.7475302281723
248,The Water Tank,78729,3.0,30.434814453125,-97.7667236328125
249,Chuy's,78759,4.0,30.418443,-97.747839
250,BB Rover's Cafe & Pub,78759,3.5,30.43077,-97.76458
251,Moonlight Hookah Cafe,78759,4.0,30.43077,-97.76458
252,Bone Daddy's BBQ,78759,3.5,30.4157183214564,-97.7452174418976
253,Hard Luck Lounge,78702,4.5,30.2564602,-97.701889
254,Sahara Lounge,78721,4.0,30.2795716,-97.68159
255,Justine's Brasserie,78702,4.0,30.253236,-97.700576
256,Eden East,78702,4.0,30.2578792675725,-97.7002314099258
257,Skylark Lounge,78722,4.5,30.2846205,-97.70491
258,The Butterfly Bar,78722,4.0,30.28442,-97.71744
259,Techo Mezcaleria & Agave Bar,78722,4.5,30.28412,-97.7189099
260,The Wheel,78702,4.5,30.280246473018,-97.7208685643035
261,8 Track,78722,4.5,30.28511,-97.71164
262,School House Pub,78722,4.0,30.284213,-97.718819
263,Haymaker,78722,3.5,30.28479,-97.71757
264,Full Circle Bar,78702,4.5,30.27392,-97.72037
265,WhichCraft Tap Room & Bottle Shop,78723,4.5,30.2970963,-97.7043831
266,The Vortex,78722,4.0,30.2844663602444,-97.7175722159386
267,Contigo,78723,4.0,30.28804,-97.70335
268,King Bee Lounge,78702,4.5,30.2740546417273,-97.7197040731558
269,Salty Sow,78722,4.5,30.2836497259461,-97.7213180065155
270,BD Riley's Irish Pub at Mueller,78723,3.5,30.2982552810187,-97.7049514541841
271,Batch - Craft Beer and Kolaches,78723,4.5,30.2871694082172,-97.7031195536256
272,Dozen Street,78702,4.5,30.2738603,-97.7203803
273,Barrel O' Fun,78723,3.5,30.2981137997144,-97.7049248933204
274,Houndstooth Coffee,78702,4.0,30.2814468098981,-97.7095832100541
275,Moloko,78702,3.0,30.2738,-97.7201
276,Mi Madre's,78722,4.0,30.28412,-97.7189099
277,Knomad Bar,78723,4.0,30.312658,-97.704584
278,WhichCraft Tap Room & Bottle Shop,78723,4.5,30.2970963,-97.7043831
279,Barfly's,78751,4.5,30.3167018890381,-97.7141571044922
280,Carousel Lounge,78723,4.0,30.30988,-97.7082
281,BD Riley's Irish Pub at Mueller,78723,3.5,30.2982552810187,-97.7049514541841
282,Barrel O' Fun,78723,3.5,30.2981137997144,-97.7049248933204
283,Contigo,78723,4.0,30.28804,-97.70335
284,Turntable Eatery,78751,4.5,30.31281,-97.7150599
285,Halcyon,78723,3.5,30.29812,-97.70533
286,Stella Public House,78723,3.5,30.2978198875665,-97.7055143730163
287,Gino's Vino Osteria,78723,4.5,30.307265,-97.706995
288,L'Oca d'Oro,78723,4.0,30.297251,-97.704674
289,Lynx Bar and Grill,78723,3.0,30.31944,-97.70657
290,The Grand,78751,4.0,30.3060894012451,-97.7152328491211
291,J T Youngblood's,78723,3.5,30.2981255804541,-97.7055894748688
292,Batch - Craft Beer and Kolaches,78723,4.5,30.2871694082172,-97.7031195536256
293,Kick Butt Café,78752,4.0,30.3221788205653,-97.7138607718277
294,Captain Benny's Seafood,78751,3.0,30.317645,-97.70793
295,Cherrywood Coffeehouse,78722,4.0,30.29332,-97.71597
296,Oasthouse Kitchen + Bar,78726,4.0,30.4224100300212,-97.8465196011887
297,Nik's Italian Kitchen + Bar,78726,3.5,30.415176,-97.850097
298,Hideout Pub,78758,4.0,30.4125127501726,-97.7096274135108
299,Opal Divine's Marina,78727,3.5,30.42379,-97.70206
300,Texas Bar & Grill,78728,4.0,30.45037,-97.694688
301,Raggedy Anne's,78728,4.0,30.4359607696533,-97.6840057373047
302,Homer's Neighborhood Bar,78728,3.0,30.4356409178133,-97.6737805006219
303,Rack Daddy's,78728,3.5,30.43549,-97.6744
304,FD's Grillhouse,78660,3.5,30.443837,-97.666844
305,Austin's Park N Pizza,78660,2.5,30.46329,-97.666307
306,The Mill Bar & Grill,78729,5.0,30.45227,-97.78107
307,The Local Outpost Saloon,78729,4.5,30.445718,-97.778274
308,Marshall's Tavern,78729,5.0,30.443876,-97.775756
309,Shenanigans Night Club,78729,3.5,30.44644,-97.77896
310,Cover 2,78750,4.0,30.457156,-97.791483
311,The Water Tank,78729,3.0,30.434814453125,-97.7667236328125
312,Darband Hookah Lounge,78729,4.0,30.452406,-97.781062
313,The Little Longhorn Saloon,78756,4.5,30.329585,-97.740064
314,Boulevard Grill and Sports Bar,78731,3.5,30.355045,-97.755592
315,Taco Flats,78756,4.0,30.330914,-97.740225
316,Billy's on Burnet,78756,4.0,30.3220291137695,-97.7397613525391
317,Moon River Bar & Grill,78733,3.0,30.3257676051843,-97.8820037841797
318,Grumpy's Saloon,78734,3.0,30.37538,-97.94629
319,Sundancer Grill,78734,4.0,30.381445,-97.9596972
320,Boomerz,78735,3.5,30.2363456598715,-97.8561775190617
321,The Detour,78735,3.0,30.2335573,-97.8661206
322,Austin Pizza Garden,78735,3.5,30.2357725,-97.8590558
323,The Rusty Mule,78736,4.5,30.2312371513822,-97.927311988385
324,290 West Club,78737,3.5,30.2106547082446,-97.9688636691003
325,The Buzz Bee Cave,78738,4.5,30.3076183,-97.9377502
326,The Ginger Man,78738,2.5,30.30849,-97.93874
327,Meridian 98,78738,4.0,30.309514,-97.935608
328,Woody's Tavern & Grill,78738,3.0,30.3045361335771,-97.9421976143954
329,We Olive & Wine Bar,78738,4.0,30.3091309081911,-97.9404269098213
330,The Backyard at Bee Cave,78738,2.0,30.316137390965,-97.951433340037
331,Cafe Blue,78738,3.5,30.30918,-97.94027
332,Maudie's Hill Country,78738,3.0,30.304761430141,-97.9373935981999
333,Chili's,78738,2.5,30.3072418361908,-97.9393461849029
334,Buenos Aires Café - Galleria,78738,3.5,30.309195,-97.9389124
335,Emerald Restaurant,78738,3.5,30.30835,-97.9529699
336,Pintos Party,78664,3.5,30.52913,-97.683
337,Bike & Brew ATX,78702,5.0,30.25841,-97.71143
338,District Kitchen & Cocktails,78749,4.0,30.2014264170508,-97.8796087791679
339,Waterloo Ice House Escarpment,78749,3.0,30.20267,-97.87877
340,Satellite Eat Drink Orbit,78749,3.5,30.201602,-97.88007
341,The Jackalope South Shore,78741,3.0,30.2404842376709,-97.7261352539062
342,G Bar and Bistro,78744,4.0,30.2125737,-97.7053511
343,Texas Club Bar & Grill,78744,4.5,30.2119300039385,-97.7296185185185
344,Li'l Nonna's,78741,4.5,30.2416820526123,-97.7268676757812
345,Come and Take It Live,78741,3.5,30.24022,-97.72808
346,Mour Cafe,78741,4.0,30.2435537462959,-97.7287131894612
347,Clicks Billiards,78741,3.0,30.2300090789795,-97.7326126098633
348,Emo's,78741,3.0,30.24022,-97.72808
349,Club Carnaval,78741,3.0,30.2376556396484,-97.7265396118164
350,El Jacalito Restaurant,78741,3.0,30.2307,-97.73214
351,Café Crème,78741,4.5,30.23187,-97.73568
352,Patsy's Cafe,78741,3.5,30.21353,-97.72814
353,Carson Creek Ranch,78742,3.0,30.2286097,-97.6639062
354,Rusty Cannon Pub,78745,3.5,30.20985,-97.7820799
355,Aviator Pizza & Drafthouse,78745,4.5,30.19524,-97.7774
356,Austin Hookah Lounge,78745,4.0,30.22483,-97.8032
357,D K Sushi Restaurant,78745,3.5,30.200511932373,-97.7860488891602
358,Las Palomas Restaurant & Bar,78746,3.5,30.271881,-97.800071
359,Vaquero's Cafe and Cantina,78746,4.0,30.27087,-97.81717
360,Bike & Brew ATX,78702,5.0,30.25841,-97.71143
361,Pintos Party,78664,3.5,30.52913,-97.683
362,Indian Roller,78748,4.0,30.1720381977696,-97.8253055736423
363,Moontower Saloon,78748,3.5,30.1693172454834,-97.8266754150391
364,Sam's Town Point,78748,4.5,30.17206,-97.82759
365,Urban Coyote,78748,2.0,30.1707038879395,-97.8261260986328
366,400 Rabbits Bar,78739,3.5,30.199722,-97.869529
367,Chuy's,78749,3.5,30.217729,-97.841512
368,Happy Trails,78749,5.0,30.22135,-97.83949
369,Flores Mexican Restaurant,78749,3.0,30.2230527605093,-97.8428162365291
370,The Mill Bar & Grill,78729,5.0,30.45227,-97.78107
371,Cover 2,78750,4.0,30.457156,-97.791483
372,Anderson Mill Pub,78750,2.5,30.4465141296387,-97.8056259155273
373,Fresh Heim,78750,4.5,30.461817,-97.795588
374,Darband Hookah Lounge,78729,4.0,30.452406,-97.781062
375,Jenna's Asian Kitchen,78750,4.0,30.4629648622548,-97.8148166093191
376,Workhorse Bar,78751,4.0,30.31771,-97.721675
377,Barfly's,78751,4.5,30.3167018890381,-97.7141571044922
378,The Tigress Pub,78751,4.0,30.317891,-97.722182
379,Drink Well,78751,4.0,30.31728,-97.72062
380,Back Lot,78705,5.0,30.30189,-97.73936
381,Turntable Eatery,78751,4.5,30.31281,-97.7150599
382,Carousel Lounge,78723,4.0,30.30988,-97.7082
383,SquareRüt Kava Bar,78756,4.0,30.31866,-97.73144
384,The Grand,78751,4.0,30.3060894012451,-97.7152328491211
385,Vino Vino,78751,4.0,30.3069966,-97.7352997
386,Kick Butt Café,78752,4.0,30.3221788205653,-97.7138607718277
387,Texas Sake,78751,4.5,30.32317,-97.72758
388,Crown and Anchor Pub,78705,4.0,30.2924600026945,-97.7357137160887
389,Dolce Vita,78751,3.5,30.30489,-97.72621
390,The Parlor,78751,3.5,30.30873,-97.73406
391,Billy's on Burnet,78756,4.0,30.3220291137695,-97.7397613525391
392,BD Riley's Irish Pub at Mueller,78723,3.5,30.2982552810187,-97.7049514541841
393,Lynx Bar and Grill,78723,3.0,30.31944,-97.70657
394,Barrel O' Fun,78723,3.5,30.2981137997144,-97.7049248933204
395,Hyde Park Bar & Grill Central,78751,3.5,30.30419,-97.72668
396,Royal Jelly,78752,4.5,30.3391,-97.71703
397,Barfly's,78751,4.5,30.3167018890381,-97.7141571044922
398,Vigilante Gaming Bar,78752,4.0,30.3394025962971,-97.7183186262846
399,Workhorse Bar,78751,4.0,30.31771,-97.721675
400,The Tigress Pub,78751,4.0,30.317891,-97.722182
401,'Bout Time II,78752,3.5,30.32777,-97.70421
402,Black Star Co-op Pub & Brewery,78752,4.0,30.3381716531677,-97.7188450098038
403,Drink Well,78751,4.0,30.31728,-97.72062
404,Kick Butt Café,78752,4.0,30.3221788205653,-97.7138607718277
405,Ojos Locos Sports Cantina,78752,2.5,30.3370343798347,-97.7022547924471
406,101 By Teahaus,78752,4.0,30.33712,-97.71728
407,Pluckers,78752,2.5,30.323898,-97.707726
408,Yahala Hookah Lounge,78752,5.0,30.33109,-97.71513
409,Hi Tunes Karaoke,78757,4.5,30.3474284,-97.7149856
410,Austin Karaoke,78752,3.5,30.33611,-97.72068
411,Applebee's Grill + Bar,78752,2.0,30.337642,-97.70204
412,Captain Benny's Seafood,78751,3.0,30.317645,-97.70793
413,Chili's,78752,2.5,30.3278539667098,-97.7049051689876
414,Buffalo Wild Wings,78752,2.0,30.33784,-97.70175
415,Foreign & Domestic,78751,3.5,30.3171071,-97.7196383
416,College RoadHouse,78753,4.5,30.3646543475126,-97.6943624764681
417,Balkan Cafe & Grill,78753,4.5,30.3876,-97.68399
418,Los Catrachos,78753,3.5,30.3745727539062,-97.6718673706055
419,Chuy's,78753,4.0,30.3751687,-97.6905747
420,Zaytouna Lounge,78753,4.0,30.3876,-97.68399
421,M.I.2 Crew,78753,5.0,30.3889868,-97.6710889
422,Side Pocket Billiards,78753,2.5,30.37593,-97.6894499
423,Santorini Cafe,78753,4.5,30.3876,-97.68399
424,Desperados,78753,2.0,30.363748,-97.695249
425,Rawshe Hookah Lounge & Cafe,78753,3.0,30.38238,-97.68568
426,Los Catrachos,78753,3.5,30.3745727539062,-97.6718673706055
427,Boulevard Grill and Sports Bar,78731,3.5,30.355045,-97.755592
428,Lala's,78757,4.0,30.3446,-97.73649
429,Yard Bar,78757,4.0,30.34303,-97.73921
430,Growler Room,78757,4.5,30.34439,-97.73853
431,Pour House Pub,78757,3.5,30.34264,-97.738
432,The Aristocrat Lounge,78757,3.0,30.3402309,-97.7385864
433,Barley Swine,78757,4.5,30.3412737661652,-97.7383886364151
434,Jack Allen's Kitchen,78757,4.0,30.3612,-97.73943
435,Draught House Pub & Brewery,78756,4.5,30.31098,-97.74283
436,Stinson's,78756,4.0,30.3151275,-97.7417583
437,Workhorse Bar,78751,4.0,30.31771,-97.721675
438,Billy's on Burnet,78756,4.0,30.3220291137695,-97.7397613525391
439,The Little Longhorn Saloon,78756,4.5,30.329585,-97.740064
440,The Tigress Pub,78751,4.0,30.317891,-97.722182
441,SquareRüt Kava Bar,78756,4.0,30.31866,-97.73144
442,Texas Sake,78751,4.5,30.32317,-97.72758
443,Little Woodrow's ,78756,3.0,30.329127876655,-97.7395716792886
444,Vino Vino,78751,4.0,30.3069966,-97.7352997
445,Taco Flats,78756,4.0,30.330914,-97.740225
446,Guild,78756,3.5,30.3060027879118,-97.7431749925017
447,The Parlor,78751,3.5,30.30873,-97.73406
448,Doc's Motorworks 38th,78705,3.0,30.3059953,-97.7443195
449,Gusto Italian Kitchen & Wine Bar,78756,3.5,30.3183136593457,-97.7399416283112
450,Maudie's Triangle,78751,3.0,30.31422,-97.73267
451,Dolce Vita,78751,3.5,30.30489,-97.72621
452,Mandola's Italian,78751,4.0,30.3159319310134,-97.7336796197883
453,Chili's,78756,3.0,30.31332,-97.73835
454,Hyde Park Bar & Grill Central,78751,3.5,30.30419,-97.72668
455,Night Owl,78757,4.5,30.3640100887497,-97.7284658807284
456,Lala's,78757,4.0,30.3446,-97.73649
457,The Local Post Pub,78757,3.5,30.3471009,-97.7346893
458,Yard Bar,78757,4.0,30.34303,-97.73921
459,Nosh & Bevvy,78757,4.0,30.3654772101226,-97.7288885435165
460,Cover 3,78757,4.0,30.3586849562721,-97.7350158670119
461,Growler Room,78757,4.5,30.34439,-97.73853
462,Royal Jelly,78752,4.5,30.3391,-97.71703
463,Buddy's Place,78757,4.0,30.36906,-97.72721
464,Pour House Pub,78757,3.5,30.34264,-97.738
465,Vigilante Gaming Bar,78752,4.0,30.3394025962971,-97.7183186262846
466,The Aristocrat Lounge,78757,3.0,30.3402309,-97.7385864
467,Mister Tramps Sports Pub and Café,78758,4.0,30.3614513838757,-97.7162416375759
468,Barley Swine,78757,4.5,30.3412737661652,-97.7383886364151
469,Hopdoddy Burger Bar,78757,4.0,30.357621,-97.733102
470,Jack Allen's Kitchen,78757,4.0,30.3612,-97.73943
471,Black Star Co-op Pub & Brewery,78752,4.0,30.3381716531677,-97.7188450098038
472,The Common Interest,78757,3.5,30.366182,-97.728973
473,Hi Tunes Karaoke,78757,4.5,30.3474284,-97.7149856
474,Trudy's,78757,3.5,30.3706003956709,-97.7276092788008
475,C-Hunt's Icehouse,78758,4.5,30.37925,-97.72395
476,Detour,78758,3.5,30.39442,-97.72019
477,Paris Hookah Lounge,78758,4.0,30.3794915,-97.7126344
478,The Brass Tap,78758,3.5,30.3955359,-97.7270049
479,Buddy's Place,78757,4.0,30.36906,-97.72721
480,Jack & Gingers,78758,3.5,30.4011283513491,-97.7228807096988
481,Lavaca Street Bar At Rock Rose,78758,3.0,30.4005886869507,-97.723215790346
482,The Water Trough at Lone Star Court,78758,3.5,30.3953578,-97.7262403
483,St. Genevieve,78758,3.5,30.4013526371326,-97.7228714453827
484,Punch Bowl Social Austin,78758,3.5,30.400207432783,-97.725505609787
485,Second Bar + Kitchen,78758,4.0,30.4023750200579,-97.721345834434
486,77 Degrees Rooftop,78758,2.5,30.401316057136,-97.7232357692984
487,Topgolf,78758,4.0,30.3982988883254,-97.7175606715332
488,Kung Fu Saloon,78758,2.5,30.400905,-97.722687
489,Bazille,78758,4.5,30.4022442392014,-97.7204028617381
490,Urban,78758,3.5,30.39923,-97.72526
491,Maki Toki,78758,3.0,30.3931,-97.706923
492,The Canary Roost,78758,3.0,30.4006140494032,-97.7038837734032
493,Taqueria Las Chivas Jalisco,78753,3.5,30.377566,-97.708694
494,The Bar at iPic Theaters,78758,3.5,30.39629,-97.72788
495,Baretto,78759,4.5,30.398676,-97.749059
496,Knotty Deck & Bar,78759,4.0,30.3916541687047,-97.7499180085005
497,Red's Porch,78759,4.0,30.400058,-97.739168
498,Eddie V's Prime Seafood,78759,4.5,30.389393,-97.752657
499,Sam's Boat,78759,3.0,30.3977208031436,-97.7332278402672
500,Z-Tejas Southwestern Grill,78759,3.5,30.38934,-97.75211
501,Bone Daddy's BBQ,78759,3.5,30.4157183214564,-97.7452174418976
502,Brick Oven Restaurant,78759,3.5,30.398783,-97.749098
503,Dave & Buster's,78759,3.0,30.3835101407535,-97.7369284629822
504,Texas Club Bar & Grill,78744,4.5,30.2119300039385,-97.7296185185185
505,Patsy's Cafe,78741,3.5,30.21353,-97.72814
506,Rewind,78741,3.0,30.4758816,-97.6731567
507,Clicks Billiards,78741,3.0,30.2300090789795,-97.7326126098633
508,El Jacalito Restaurant,78741,3.0,30.2307,-97.73214
509,Café Crème,78741,4.5,30.23187,-97.73568
510,Royal Jelly,78752,4.5,30.3391,-97.71703
511,Barfly's,78751,4.5,30.3167018890381,-97.7141571044922
512,'Bout Time II,78752,3.5,30.32777,-97.70421
513,Ojos Locos Sports Cantina,78752,2.5,30.3370343798347,-97.7022547924471
514,Kick Butt Café,78752,4.0,30.3221788205653,-97.7138607718277
515,Midtown Live Sports Cafe,78752,3.0,30.3292980194092,-97.6904373168945
516,Pluckers,78752,2.5,30.323898,-97.707726
517,Applebee's Grill + Bar,78752,2.0,30.337642,-97.70204
518,Captain Benny's Seafood,78751,3.0,30.317645,-97.70793
519,Hi Tunes Karaoke,78757,4.5,30.3474284,-97.7149856
520,Buffalo Wild Wings,78752,2.0,30.33784,-97.70175
521,Yahala Hookah Lounge,78752,5.0,30.33109,-97.71513
522,Chili's,78752,2.5,30.3278539667098,-97.7049051689876
523,Whisler's,78702,4.5,30.2619673762692,-97.7226847531614
524,Gotham,78702,4.5,30.25889,-97.7258
525,Nickle City,78702,4.0,30.26856,-97.7281
526,Attabar,78702,4.5,30.26429,-97.7292
527,Yellow Jacket Social Club,78702,4.0,30.26159,-97.72456
528,Apt 115,78702,5.0,30.2616,-97.71982
529,The Liberty,78702,4.0,30.2626674,-97.7251338
530,Stay Gold,78702,4.0,30.2570762634277,-97.7237091064453
531,Violet Crown Social Club,78702,4.5,30.26426,-97.73078
532,Kitty Cohen's,78702,4.0,30.2618179321289,-97.7163848876953
533,Craftsman,78702,3.5,30.25692,-97.7234
534,The Lost Well,78702,4.5,30.262714805058,-97.7145181439692
535,Revelry Kitchen + Bar,78702,4.5,30.2637173006037,-97.7277220894538
536,Zilker Brewing Company and Taproom,78702,4.5,30.262096,-97.72454
537,Drinks Lounge,78702,4.0,30.25652,-97.72322
538,The White Horse,78702,4.0,30.262545,-97.727024
539,The Brixton,78702,4.0,30.2635168,-97.7275935
540,Craft Pride,78701,4.0,30.257925,-97.738777
541,Hi Hat Public House,78702,4.5,30.26023,-97.71893
542,Full Circle Bar,78702,4.5,30.27392,-97.72037
543,The Beer Plant,78703,4.0,30.2965180811856,-97.7678042803603
544,Abel's On the Lake,78703,2.5,30.29493,-97.78381
545,Bike & Brew ATX,78702,5.0,30.25841,-97.71143
546,Firehouse Lounge,78701,4.5,30.268173,-97.741043
547,Edge Rooftop Pool Bar,78701,5.0,30.2643864129296,-97.7436428743045
548,The Roosevelt Room,78701,4.5,30.2677,-97.74627
549,The Good Life Bar Bar,78701,4.5,30.2665700053185,-97.7415906351087
550,She's Not Here,78701,4.0,30.2656463300085,-97.7483603730798
551,HandleBar,78701,4.0,30.26661,-97.74204
552,Mugshots,78701,4.5,30.2676,-97.73849
553,Midnight Cowboy,78701,4.0,30.266983,-97.740028
554,The Jackalope,78701,4.0,30.26732,-97.73892
555,Nickle City,78702,4.0,30.26856,-97.7281
556,Gotham,78702,4.5,30.25889,-97.7258
557,Azul Rooftop Pool Bar + Lounge,78701,4.5,30.266635,-97.740319
558,Small Victory,78701,4.5,30.2689112,-97.7416833
559,Dive Bar and Lounge,78701,4.5,30.2798841,-97.7421312
560,Pour Choices,78701,4.0,30.2669479091807,-97.73925183345
561,Mort Subite,78701,4.5,30.265719,-97.7439904
562,Garage,78701,4.0,30.2676758046831,-97.7440973042297
563,Cheer Up Charlie's,78701,4.0,30.2696098,-97.7363583
564,The Driskill Bar,78701,4.0,30.26807,-97.74168
565,The Market and Tap Room,78701,4.0,30.2663307,-97.7447205
566,Draught House Pub & Brewery,78756,4.5,30.31098,-97.74283
567,Back Lot,78705,5.0,30.30189,-97.73936
568,Hopfields,78705,4.0,30.2985538576336,-97.7409893637848
569,Guild,78756,3.5,30.3060027879118,-97.7431749925017
570,Stinson's,78756,4.0,30.3151275,-97.7417583
571,Hole in the Wall,78705,4.0,30.29005,-97.74161
572,Growler USA - Austin,78705,4.5,30.2955795,-97.7434722
573,Doc's Motorworks 38th,78705,3.0,30.3059953,-97.7443195
574,Crown and Anchor Pub,78705,4.0,30.2924600026945,-97.7357137160887
575,Vino Vino,78751,4.0,30.3069966,-97.7352997
576,Spider House Ballroom,78705,4.0,30.2953743,-97.7420442
577,Love Goat,78705,3.5,30.29283,-97.7417399
578,Spider House Cafe & Ballroom,78705,3.5,30.295505,-97.741761
579,Roscoe's Bar,78705,4.0,30.2886981964111,-97.748176574707
580,SquareRüt Kava Bar,78756,4.0,30.31866,-97.73144
581,The Local Pub and Patio,78705,3.5,30.2915658,-97.7414793
582,The Drag Bar,78705,3.5,30.28708,-97.74186
583,The Parlor,78751,3.5,30.30873,-97.73406
584,Billy's on Burnet,78756,4.0,30.3220291137695,-97.7397613525391
585,Cain and Abel's,78705,3.0,30.28768,-97.74448
586,Night Owl,78757,4.5,30.3640100887497,-97.7284658807284
587,Lala's,78757,4.0,30.3446,-97.73649
588,The Local Post Pub,78757,3.5,30.3471009,-97.7346893
589,Yard Bar,78757,4.0,30.34303,-97.73921
590,Nosh & Bevvy,78757,4.0,30.3654772101226,-97.7288885435165
591,Growler Room,78757,4.5,30.34439,-97.73853
592,Cover 3,78757,4.0,30.3586849562721,-97.7350158670119
593,Pour House Pub,78757,3.5,30.34264,-97.738
594,Buddy's Place,78757,4.0,30.36906,-97.72721
595,The Aristocrat Lounge,78757,3.0,30.3402309,-97.7385864
596,Barley Swine,78757,4.5,30.3412737661652,-97.7383886364151
597,Vigilante Gaming Bar,78752,4.0,30.3394025962971,-97.7183186262846
598,Jack Allen's Kitchen,78757,4.0,30.3612,-97.73943
599,Hopdoddy Burger Bar,78757,4.0,30.357621,-97.733102
600,Black Star Co-op Pub & Brewery,78752,4.0,30.3381716531677,-97.7188450098038
601,The Common Interest,78757,3.5,30.366182,-97.728973
602,Trudy's,78757,3.5,30.3706003956709,-97.7276092788008
603,Slick Willie's Family Pool Hall,78757,3.0,30.3667499775629,-97.7289963809873
604,Waterloo Ice House Burnet Road,78757,3.5,30.3679235,-97.7281608
605,SLAB BBQ & Beer,78758,4.5,30.3713101540255,-97.7246514312134
606,Firehouse Lounge,78701,4.5,30.268173,-97.741043
607,Edge Rooftop Pool Bar,78701,5.0,30.2643864129296,-97.7436428743045
608,The Roosevelt Room,78701,4.5,30.2677,-97.74627
609,The Good Life Bar Bar,78701,4.5,30.2665700053185,-97.7415906351087
610,She's Not Here,78701,4.0,30.2656463300085,-97.7483603730798
611,HandleBar,78701,4.0,30.26661,-97.74204
612,Mugshots,78701,4.5,30.2676,-97.73849
613,Midnight Cowboy,78701,4.0,30.266983,-97.740028
614,The Jackalope,78701,4.0,30.26732,-97.73892
615,Nickle City,78702,4.0,30.26856,-97.7281
616,Azul Rooftop Pool Bar + Lounge,78701,4.5,30.266635,-97.740319
617,Gotham,78702,4.5,30.25889,-97.7258
618,Small Victory,78701,4.5,30.2689112,-97.7416833
619,Pour Choices,78701,4.0,30.2669479091807,-97.73925183345
620,Mort Subite,78701,4.5,30.265719,-97.7439904
621,Dive Bar and Lounge,78701,4.5,30.2798841,-97.7421312
622,Garage,78701,4.0,30.2676758046831,-97.7440973042297
623,Cheer Up Charlie's,78701,4.0,30.2696098,-97.7363583
624,The Driskill Bar,78701,4.0,30.26807,-97.74168
625,Buck Wild,78701,4.0,30.2674616425138,-97.7400218527087
626,Firehouse Lounge,78701,4.5,30.268173,-97.741043
627,Edge Rooftop Pool Bar,78701,5.0,30.2643864129296,-97.7436428743045
628,The Roosevelt Room,78701,4.5,30.2677,-97.74627
629,The Good Life Bar Bar,78701,4.5,30.2665700053185,-97.7415906351087
630,She's Not Here,78701,4.0,30.2656463300085,-97.7483603730798
631,HandleBar,78701,4.0,30.26661,-97.74204
632,Mugshots,78701,4.5,30.2676,-97.73849
633,Midnight Cowboy,78701,4.0,30.266983,-97.740028
634,The Jackalope,78701,4.0,30.26732,-97.73892
635,Nickle City,78702,4.0,30.26856,-97.7281
636,Gotham,78702,4.5,30.25889,-97.7258
637,Azul Rooftop Pool Bar + Lounge,78701,4.5,30.266635,-97.740319
638,Small Victory,78701,4.5,30.2689112,-97.7416833
639,Dive Bar and Lounge,78701,4.5,30.2798841,-97.7421312
640,Pour Choices,78701,4.0,30.2669479091807,-97.73925183345
641,Mort Subite,78701,4.5,30.265719,-97.7439904
642,Garage,78701,4.0,30.2676758046831,-97.7440973042297
643,Cheer Up Charlie's,78701,4.0,30.2696098,-97.7363583
644,The Driskill Bar,78701,4.0,30.26807,-97.74168
645,The Market and Tap Room,78701,4.0,30.2663307,-97.7447205
646,Firehouse Lounge,78701,4.5,30.268173,-97.741043
647,Edge Rooftop Pool Bar,78701,5.0,30.2643864129296,-97.7436428743045
648,The Roosevelt Room,78701,4.5,30.2677,-97.74627
649,The Good Life Bar Bar,78701,4.5,30.2665700053185,-97.7415906351087
650,She's Not Here,78701,4.0,30.2656463300085,-97.7483603730798
651,HandleBar,78701,4.0,30.26661,-97.74204
652,Mugshots,78701,4.5,30.2676,-97.73849
653,Midnight Cowboy,78701,4.0,30.266983,-97.740028
654,The Jackalope,78701,4.0,30.26732,-97.73892
655,Nickle City,78702,4.0,30.26856,-97.7281
656,Gotham,78702,4.5,30.25889,-97.7258
657,Azul Rooftop Pool Bar + Lounge,78701,4.5,30.266635,-97.740319
658,Small Victory,78701,4.5,30.2689112,-97.7416833
659,Dive Bar and Lounge,78701,4.5,30.2798841,-97.7421312
660,Pour Choices,78701,4.0,30.2669479091807,-97.73925183345
661,Mort Subite,78701,4.5,30.265719,-97.7439904
662,Garage,78701,4.0,30.2676758046831,-97.7440973042297
663,Cheer Up Charlie's,78701,4.0,30.2696098,-97.7363583
664,The Driskill Bar,78701,4.0,30.26807,-97.74168
665,The Market and Tap Room,78701,4.0,30.2663307,-97.7447205
666,Hideaway Kitchen & Bar,78744,4.5,30.21165,-97.75281
667,Crow Bar,78704,3.5,30.23134,-97.75961
668,St Elmo Brewing Company,78745,4.5,30.2174492910035,-97.7610477949677
669,Warehouse Billiard Bar,78704,3.5,30.2185592651367,-97.757682800293
670,Spokesman,78745,4.5,30.2164715,-97.7618791
671,Cosmic Coffee + Beer Garden,78704,4.5,30.2274,-97.76272
672,Rewind,78741,3.0,30.4758816,-97.6731567
673,The 04 Lounge,78704,3.5,30.2257133520068,-97.762843803094
674,Toss Pizzeria & Pub,78704,4.0,30.2363363,-97.762862
675,Clicks Billiards,78741,3.0,30.2300090789795,-97.7326126098633
676,Opal Divines Austin Grill,78704,3.5,30.23571,-97.74075
677,Café Crème,78741,4.5,30.23187,-97.73568
678,El Jacalito Restaurant,78741,3.0,30.2307,-97.73214
679,Barfly's,78751,4.5,30.3167018890381,-97.7141571044922
680,'Bout Time II,78752,3.5,30.32777,-97.70421
681,Knomad Bar,78723,4.0,30.312658,-97.704584
682,Royal Jelly,78752,4.5,30.3391,-97.71703
683,Kick Butt Café,78752,4.0,30.3221788205653,-97.7138607718277
684,Midtown Live Sports Cafe,78752,3.0,30.3292980194092,-97.6904373168945
685,Ojos Locos Sports Cantina,78752,2.5,30.3370343798347,-97.7022547924471
686,Turntable Eatery,78751,4.5,30.31281,-97.7150599
687,Pluckers,78752,2.5,30.323898,-97.707726
688,Lynx Bar and Grill,78723,3.0,30.31944,-97.70657
689,101 By Teahaus,78752,4.0,30.33712,-97.71728
690,Captain Benny's Seafood,78751,3.0,30.317645,-97.70793
691,Applebee's Grill + Bar,78752,2.0,30.337642,-97.70204
692,Yahala Hookah Lounge,78752,5.0,30.33109,-97.71513
693,Chili's,78752,2.5,30.3278539667098,-97.7049051689876
694,Hi Tunes Karaoke,78757,4.5,30.3474284,-97.7149856
695,Buffalo Wild Wings,78752,2.0,30.33784,-97.70175
696,Dive Bar and Lounge,78701,4.5,30.2798841,-97.7421312
697,Firehouse Lounge,78701,4.5,30.268173,-97.741043
698,Edge Rooftop Pool Bar,78701,5.0,30.2643864129296,-97.7436428743045
699,The Roosevelt Room,78701,4.5,30.2677,-97.74627
700,She's Not Here,78701,4.0,30.2656463300085,-97.7483603730798
701,The Good Life Bar Bar,78701,4.5,30.2665700053185,-97.7415906351087
702,Nickle City,78702,4.0,30.26856,-97.7281
703,HandleBar,78701,4.0,30.26661,-97.74204
704,Mugshots,78701,4.5,30.2676,-97.73849
705,The Cloak Room,78701,3.5,30.2756075728875,-97.7420997619629
706,The Wheel,78702,4.5,30.280246473018,-97.7208685643035
707,The Jackalope,78701,4.0,30.26732,-97.73892
708,Midnight Cowboy,78701,4.0,30.266983,-97.740028
709,Attabar,78702,4.5,30.26429,-97.7292
710,Whisler's,78702,4.5,30.2619673762692,-97.7226847531614
711,Cheer Up Charlie's,78701,4.0,30.2696098,-97.7363583
712,Hole in the Wall,78705,4.0,30.29005,-97.74161
713,Azul Rooftop Pool Bar + Lounge,78701,4.5,30.266635,-97.740319
714,Mort Subite,78701,4.5,30.265719,-97.7439904
715,Garage,78701,4.0,30.2676758046831,-97.7440973042297
716,Dive Bar and Lounge,78701,4.5,30.2798841,-97.7421312
717,Firehouse Lounge,78701,4.5,30.268173,-97.741043
718,Edge Rooftop Pool Bar,78701,5.0,30.2643864129296,-97.7436428743045
719,The Roosevelt Room,78701,4.5,30.2677,-97.74627
720,She's Not Here,78701,4.0,30.2656463300085,-97.7483603730798
721,The Good Life Bar Bar,78701,4.5,30.2665700053185,-97.7415906351087
722,Nickle City,78702,4.0,30.26856,-97.7281
723,HandleBar,78701,4.0,30.26661,-97.74204
724,Mugshots,78701,4.5,30.2676,-97.73849
725,The Cloak Room,78701,3.5,30.2756075728875,-97.7420997619629
726,Midnight Cowboy,78701,4.0,30.266983,-97.740028
727,The Jackalope,78701,4.0,30.26732,-97.73892
728,Attabar,78702,4.5,30.26429,-97.7292
729,Gotham,78702,4.5,30.25889,-97.7258
730,Cheer Up Charlie's,78701,4.0,30.2696098,-97.7363583
731,Azul Rooftop Pool Bar + Lounge,78701,4.5,30.266635,-97.740319
732,Mort Subite,78701,4.5,30.265719,-97.7439904
733,Small Victory,78701,4.5,30.2689112,-97.7416833
734,Garage,78701,4.0,30.2676758046831,-97.7440973042297
735,Academia,78701,4.5,30.2668741300305,-97.7453676983714
736,Draught House Pub & Brewery,78756,4.5,30.31098,-97.74283
737,Stinson's,78756,4.0,30.3151275,-97.7417583
738,Back Lot,78705,5.0,30.30189,-97.73936
739,The Little Longhorn Saloon,78756,4.5,30.329585,-97.740064
740,Hopfields,78705,4.0,30.2985538576336,-97.7409893637848
741,Billy's on Burnet,78756,4.0,30.3220291137695,-97.7397613525391
742,Guild,78756,3.5,30.3060027879118,-97.7431749925017
743,Doc's Motorworks 38th,78705,3.0,30.3059953,-97.7443195
744,Little Woodrow's ,78756,3.0,30.329127876655,-97.7395716792886
745,Taco Flats,78756,4.0,30.330914,-97.740225
746,Gusto Italian Kitchen & Wine Bar,78756,3.5,30.3183136593457,-97.7399416283112
747,Chili's,78756,3.0,30.31332,-97.73835
748,Bike & Brew ATX,78702,5.0,30.25841,-97.71143
749,Draught House Pub & Brewery,78756,4.5,30.31098,-97.74283
750,Hole in the Wall,78705,4.0,30.29005,-97.74161
751,The Beer Plant,78703,4.0,30.2965180811856,-97.7678042803603
752,Stinson's,78756,4.0,30.3151275,-97.7417583
753,Hopfields,78705,4.0,30.2985538576336,-97.7409893637848
754,Growler USA - Austin,78705,4.5,30.2955795,-97.7434722
755,Roscoe's Bar,78705,4.0,30.2886981964111,-97.748176574707
756,Love Goat,78705,3.5,30.29283,-97.7417399
757,Spider House Ballroom,78705,4.0,30.2953743,-97.7420442
758,Guild,78756,3.5,30.3060027879118,-97.7431749925017
759,Billy's on Burnet,78756,4.0,30.3220291137695,-97.7397613525391
760,Spider House Cafe & Ballroom,78705,3.5,30.295505,-97.741761
761,Cain and Abel's,78705,3.0,30.28768,-97.74448
762,The Local Pub and Patio,78705,3.5,30.2915658,-97.7414793
763,Doc's Motorworks 38th,78705,3.0,30.3059953,-97.7443195
764,Freedmen's,78705,4.0,30.288439,-97.747897
765,Bike & Brew ATX,78702,5.0,30.25841,-97.71143
766,The Rooftop Bar,78705,2.0,30.29283,-97.7417399
767,Austin City Limits Studio,78705,5.0,30.28916,-97.74079
768,Trudy's,78705,3.5,30.295775,-97.741048
769,Draught House Pub & Brewery,78756,4.5,30.31098,-97.74283
770,Hole in the Wall,78705,4.0,30.29005,-97.74161
771,The Beer Plant,78703,4.0,30.2965180811856,-97.7678042803603
772,Stinson's,78756,4.0,30.3151275,-97.7417583
773,Hopfields,78705,4.0,30.2985538576336,-97.7409893637848
774,Growler USA - Austin,78705,4.5,30.2955795,-97.7434722
775,Roscoe's Bar,78705,4.0,30.2886981964111,-97.748176574707
776,Love Goat,78705,3.5,30.29283,-97.7417399
777,Spider House Ballroom,78705,4.0,30.2953743,-97.7420442
778,Guild,78756,3.5,30.3060027879118,-97.7431749925017
779,Billy's on Burnet,78756,4.0,30.3220291137695,-97.7397613525391
780,Spider House Cafe & Ballroom,78705,3.5,30.295505,-97.741761
781,Cain and Abel's,78705,3.0,30.28768,-97.74448
782,The Local Pub and Patio,78705,3.5,30.2915658,-97.7414793
783,Doc's Motorworks 38th,78705,3.0,30.3059953,-97.7443195
784,Freedmen's,78705,4.0,30.288439,-97.747897
785,Bike & Brew ATX,78702,5.0,30.25841,-97.71143
786,The Rooftop Bar,78705,2.0,30.29283,-97.7417399
787,Austin City Limits Studio,78705,5.0,30.28916,-97.74079
788,Trudy's,78705,3.5,30.295775,-97.741048
789,Firehouse Lounge,78701,4.5,30.268173,-97.741043
790,Edge Rooftop Pool Bar,78701,5.0,30.2643864129296,-97.7436428743045
791,The Roosevelt Room,78701,4.5,30.2677,-97.74627
792,The Good Life Bar Bar,78701,4.5,30.2665700053185,-97.7415906351087
793,She's Not Here,78701,4.0,30.2656463300085,-97.7483603730798
794,HandleBar,78701,4.0,30.26661,-97.74204
795,Mugshots,78701,4.5,30.2676,-97.73849
796,Midnight Cowboy,78701,4.0,30.266983,-97.740028
797,The Jackalope,78701,4.0,30.26732,-97.73892
798,Nickle City,78702,4.0,30.26856,-97.7281
799,Gotham,78702,4.5,30.25889,-97.7258
800,Azul Rooftop Pool Bar + Lounge,78701,4.5,30.266635,-97.740319
801,Small Victory,78701,4.5,30.2689112,-97.7416833
802,Dive Bar and Lounge,78701,4.5,30.2798841,-97.7421312
803,Pour Choices,78701,4.0,30.2669479091807,-97.73925183345
804,Mort Subite,78701,4.5,30.265719,-97.7439904
805,Garage,78701,4.0,30.2676758046831,-97.7440973042297
806,Cheer Up Charlie's,78701,4.0,30.2696098,-97.7363583
807,The Driskill Bar,78701,4.0,30.26807,-97.74168
808,The Market and Tap Room,78701,4.0,30.2663307,-97.7447205
809,Draught House Pub & Brewery,78756,4.5,30.31098,-97.74283
810,Hole in the Wall,78705,4.0,30.29005,-97.74161
811,The Beer Plant,78703,4.0,30.2965180811856,-97.7678042803603
812,Stinson's,78756,4.0,30.3151275,-97.7417583
813,Hopfields,78705,4.0,30.2985538576336,-97.7409893637848
814,Growler USA - Austin,78705,4.5,30.2955795,-97.7434722
815,Roscoe's Bar,78705,4.0,30.2886981964111,-97.748176574707
816,Love Goat,78705,3.5,30.29283,-97.7417399
817,Spider House Ballroom,78705,4.0,30.2953743,-97.7420442
818,Guild,78756,3.5,30.3060027879118,-97.7431749925017
819,Billy's on Burnet,78756,4.0,30.3220291137695,-97.7397613525391
820,Spider House Cafe & Ballroom,78705,3.5,30.295505,-97.741761
821,Cain and Abel's,78705,3.0,30.28768,-97.74448
822,The Local Pub and Patio,78705,3.5,30.2915658,-97.7414793
823,Doc's Motorworks 38th,78705,3.0,30.3059953,-97.7443195
824,Freedmen's,78705,4.0,30.288439,-97.747897
825,Bike & Brew ATX,78702,5.0,30.25841,-97.71143
826,The Rooftop Bar,78705,2.0,30.29283,-97.7417399
827,Austin City Limits Studio,78705,5.0,30.28916,-97.74079
828,Trudy's,78705,3.5,30.295775,-97.741048
829,Draught House Pub & Brewery,78756,4.5,30.31098,-97.74283
830,Hole in the Wall,78705,4.0,30.29005,-97.74161
831,The Beer Plant,78703,4.0,30.2965180811856,-97.7678042803603
832,Stinson's,78756,4.0,30.3151275,-97.7417583
833,Hopfields,78705,4.0,30.2985538576336,-97.7409893637848
834,Growler USA - Austin,78705,4.5,30.2955795,-97.7434722
835,Roscoe's Bar,78705,4.0,30.2886981964111,-97.748176574707
836,Love Goat,78705,3.5,30.29283,-97.7417399
837,Spider House Ballroom,78705,4.0,30.2953743,-97.7420442
838,Guild,78756,3.5,30.3060027879118,-97.7431749925017
839,Billy's on Burnet,78756,4.0,30.3220291137695,-97.7397613525391
840,Spider House Cafe & Ballroom,78705,3.5,30.295505,-97.741761
841,Cain and Abel's,78705,3.0,30.28768,-97.74448
842,The Local Pub and Patio,78705,3.5,30.2915658,-97.7414793
843,Doc's Motorworks 38th,78705,3.0,30.3059953,-97.7443195
844,Freedmen's,78705,4.0,30.288439,-97.747897
845,Bike & Brew ATX,78702,5.0,30.25841,-97.71143
846,The Rooftop Bar,78705,2.0,30.29283,-97.7417399
847,Austin City Limits Studio,78705,5.0,30.28916,-97.74079
848,Trudy's,78705,3.5,30.295775,-97.741048
849,Full Circle Bar,78702,4.5,30.27392,-97.72037
850,Nickle City,78702,4.0,30.26856,-97.7281
851,Gotham,78702,4.5,30.25889,-97.7258
852,Whisler's,78702,4.5,30.2619673762692,-97.7226847531614
853,The Wheel,78702,4.5,30.280246473018,-97.7208685643035
854,King Bee Lounge,78702,4.5,30.2740546417273,-97.7197040731558
855,Skylark Lounge,78722,4.5,30.2846205,-97.70491
856,Attabar,78702,4.5,30.26429,-97.7292
857,Dozen Street,78702,4.5,30.2738603,-97.7203803
858,The Butterfly Bar,78722,4.0,30.28442,-97.71744
859,Techo Mezcaleria & Agave Bar,78722,4.5,30.28412,-97.7189099
860,The Lost Well,78702,4.5,30.262714805058,-97.7145181439692
861,Violet Crown Social Club,78702,4.5,30.26426,-97.73078
862,Moloko,78702,3.0,30.2738,-97.7201
863,Kitty Cohen's,78702,4.0,30.2618179321289,-97.7163848876953
864,Rio Rita,78702,3.5,30.27413,-97.7198
865,The Liberty,78702,4.0,30.2626674,-97.7251338
866,Revelry Kitchen + Bar,78702,4.5,30.2637173006037,-97.7277220894538
867,Apt 115,78702,5.0,30.2616,-97.71982
868,Yellow Jacket Social Club,78702,4.0,30.26159,-97.72456
869,Draught House Pub & Brewery,78756,4.5,30.31098,-97.74283
870,Hole in the Wall,78705,4.0,30.29005,-97.74161
871,The Beer Plant,78703,4.0,30.2965180811856,-97.7678042803603
872,Stinson's,78756,4.0,30.3151275,-97.7417583
873,Hopfields,78705,4.0,30.2985538576336,-97.7409893637848
874,Growler USA - Austin,78705,4.5,30.2955795,-97.7434722
875,Roscoe's Bar,78705,4.0,30.2886981964111,-97.748176574707
876,Love Goat,78705,3.5,30.29283,-97.7417399
877,Spider House Ballroom,78705,4.0,30.2953743,-97.7420442
878,Guild,78756,3.5,30.3060027879118,-97.7431749925017
879,Billy's on Burnet,78756,4.0,30.3220291137695,-97.7397613525391
880,Spider House Cafe & Ballroom,78705,3.5,30.295505,-97.741761
881,Cain and Abel's,78705,3.0,30.28768,-97.74448
882,The Local Pub and Patio,78705,3.5,30.2915658,-97.7414793
883,Doc's Motorworks 38th,78705,3.0,30.3059953,-97.7443195
884,Freedmen's,78705,4.0,30.288439,-97.747897
885,Bike & Brew ATX,78702,5.0,30.25841,-97.71143
886,The Rooftop Bar,78705,2.0,30.29283,-97.7417399
887,Austin City Limits Studio,78705,5.0,30.28916,-97.74079
888,Trudy's,78705,3.5,30.295775,-97.741048
889,Draught House Pub & Brewery,78756,4.5,30.31098,-97.74283
890,Hole in the Wall,78705,4.0,30.29005,-97.74161
891,The Beer Plant,78703,4.0,30.2965180811856,-97.7678042803603
892,Stinson's,78756,4.0,30.3151275,-97.7417583
893,Hopfields,78705,4.0,30.2985538576336,-97.7409893637848
894,Growler USA - Austin,78705,4.5,30.2955795,-97.7434722
895,Roscoe's Bar,78705,4.0,30.2886981964111,-97.748176574707
896,Love Goat,78705,3.5,30.29283,-97.7417399
897,Spider House Ballroom,78705,4.0,30.2953743,-97.7420442
898,Guild,78756,3.5,30.3060027879118,-97.7431749925017
899,Billy's on Burnet,78756,4.0,30.3220291137695,-97.7397613525391
900,Spider House Cafe & Ballroom,78705,3.5,30.295505,-97.741761
901,Cain and Abel's,78705,3.0,30.28768,-97.74448
902,The Local Pub and Patio,78705,3.5,30.2915658,-97.7414793
903,Doc's Motorworks 38th,78705,3.0,30.3059953,-97.7443195
904,Freedmen's,78705,4.0,30.288439,-97.747897
905,Bike & Brew ATX,78702,5.0,30.25841,-97.71143
906,The Rooftop Bar,78705,2.0,30.29283,-97.7417399
907,Austin City Limits Studio,78705,5.0,30.28916,-97.74079
908,Trudy's,78705,3.5,30.295775,-97.741048
909,Draught House Pub & Brewery,78756,4.5,30.31098,-97.74283
910,Hole in the Wall,78705,4.0,30.29005,-97.74161
911,The Beer Plant,78703,4.0,30.2965180811856,-97.7678042803603
912,Stinson's,78756,4.0,30.3151275,-97.7417583
913,Hopfields,78705,4.0,30.2985538576336,-97.7409893637848
914,Growler USA - Austin,78705,4.5,30.2955795,-97.7434722
915,Roscoe's Bar,78705,4.0,30.2886981964111,-97.748176574707
916,Love Goat,78705,3.5,30.29283,-97.7417399
917,Spider House Ballroom,78705,4.0,30.2953743,-97.7420442
918,Guild,78756,3.5,30.3060027879118,-97.7431749925017
919,Billy's on Burnet,78756,4.0,30.3220291137695,-97.7397613525391
920,Spider House Cafe & Ballroom,78705,3.5,30.295505,-97.741761
921,Cain and Abel's,78705,3.0,30.28768,-97.74448
922,The Local Pub and Patio,78705,3.5,30.2915658,-97.7414793
923,Doc's Motorworks 38th,78705,3.0,30.3059953,-97.7443195
924,Freedmen's,78705,4.0,30.288439,-97.747897
925,Bike & Brew ATX,78702,5.0,30.25841,-97.71143
926,The Rooftop Bar,78705,2.0,30.29283,-97.7417399
927,Austin City Limits Studio,78705,5.0,30.28916,-97.74079
928,Trudy's,78705,3.5,30.295775,-97.741048
