,Restaurant_Name,Zip code,Restaurant_Rating,Restaurant_latitude,Restaurant_longitude
0,Hideaway Kitchen & Bar,78744,4.5,30.21165,-97.75281
1,Austin Rotisserie,78704,5.0,30.2274,-97.76272
2,Jewhungry?,78704,5.0,30.22565,-97.76274
3,Cabo Bob's Burritos,78704,4.5,30.2209809152295,-97.756928435967
4,888 Pan Asian Restaurant,78741,4.0,30.2296193570823,-97.7299686863661
5,Soursop,78745,4.5,30.216,-97.76183
6,The Limestone Kitchen Restaurant & Lounge,78744,3.5,30.210602,-97.753472
7,Poke-Poke,78704,4.0,30.2318,-97.75932
8,Whip In,78704,4.0,30.2379359562403,-97.7394390106201
9,Onion Creek Grille,78744,3.0,30.2144718170166,-97.7506256103516
10,Toss Pizzeria & Pub,78704,4.0,30.2363363,-97.762862
11,Mi Cabana,78745,4.0,30.2149397134781,-97.7530357986689
12,Texas Ranch BBQ,78704,4.5,30.22661,-97.76223
13,Courson's BBQ,78704,4.5,30.2184207,-97.7577561
14,V's Southeast Munchiez,73301,4.5,30.2200984954834,-97.7490463256836
15,Het Say Vietnamese Kitchen,78741,4.5,30.23015,-97.73257
16,Spokesman,78745,4.5,30.2164715,-97.7618791
17,El Borrego De Oro,78704,4.0,30.2242723720297,-97.7634823322296
18,Taste of Ethiopia,78704,4.5,30.2259650875173,-97.7619186684117
19,Smart Flour Foods,78744,4.5,30.2124977111816,-97.7427444458008
20,Taqueria Peloncitos,78744,5.0,30.19279,-97.73865
21,La Placita,78744,4.0,30.19468,-97.74511
22,El Regio,78744,4.0,30.19345,-97.74415
23,Domino's Pizza,78744,4.0,30.1920884765049,-97.738593108952
24,Pleasant Valley Market,78744,3.0,30.19345,-97.74415
25,Sonic Drive-In,78744,2.5,30.1929624913091,-97.7394054830074
26,Church's Chicken,78744,2.0,30.19231,-97.73861
27,Roaring Fork,78701,4.0,30.2691040039062,-97.7419586181641
28,Second Bar + Kitchen,78701,4.0,30.2645939290629,-97.7444895054345
29,CAVA,78701,5.0,30.26721,-97.74296
30,Austin Taco Project,78701,4.0,30.26506,-97.73862
31,Corner,78701,4.0,30.264545,-97.74329
32,Easy Tiger,78701,4.0,30.2658004760742,-97.7356872558594
33,True Food Kitchen,78701,4.5,30.2672474,-97.7520856
34,Moonshine Patio Bar & Grill,78701,4.5,30.26386,-97.73796
35,Stella San Jac,78701,4.0,30.2665762751589,-97.740525726058
36,The Hightower,78702,4.0,30.264821,-97.729488
37,"Truluck's Seafood, Steak and Crab House",78701,4.5,30.26683,-97.74502
38,Sophia's,78701,4.0,30.26955,-97.74751
39,The Backspace,78701,4.0,30.26685,-97.74043
40,The Grub House,78701,4.5,30.2674408,-97.7368622
41,Gus's World Famous Fried Chicken,78701,4.0,30.2634862,-97.7417305
42,Fixe Austin's Southern House,78701,4.0,30.26853,-97.74773
43,Ramen Tatsu-Ya,78702,4.5,30.26326,-97.72624
44,Eureka!,78701,4.0,30.2678427491661,-97.7412401139736
45,Swift's Attic,78701,4.0,30.26563,-97.74337
46,Red Ash,78701,4.0,30.26588,-97.744672
47,Ramen Tatsu-Ya,78702,4.5,30.26326,-97.72624
48,The Hightower,78702,4.0,30.264821,-97.729488
49,Little Big Burger,78702,4.5,30.26263,-97.7248
50,Juniper,78702,4.0,30.25486,-97.71762
51,DEE DEE,78702,4.5,30.25901,-97.71445
52,Revelry Kitchen + Bar,78702,4.5,30.2637173006037,-97.7277220894538
53,Boteco,78702,5.0,30.26431,-97.72789
54,Suerte,78702,4.0,30.26228,-97.72331
55,Chicken Lollypop,78702,5.0,30.27412,-97.72018
56,The Brewer's Table,78702,4.5,30.25331,-97.70198
57,Pitchfork Pretty,78702,4.0,30.25343,-97.71351
58,Hi Hat Public House,78702,4.5,30.26023,-97.71893
59,Chi'Lantro,78702,5.0,30.26426,-97.73078
60,Launderette,78702,4.0,30.25193,-97.72273
61,Intero Restaurant,78702,4.5,30.2538078303281,-97.7146533178121
62,The Cavalier,78702,3.5,30.262942,-97.714676
63,Lazarus Brewing,78702,4.5,30.26169,-97.72204
64,Kemuri Tatsu-ya,78702,4.0,30.2537937164307,-97.7129516601562
65,Salt & Time,78702,3.5,30.26266,-97.72113
66,Discada,78702,4.5,30.2686025800296,-97.7246335521341
67,Jeffrey's,78703,4.0,30.2803621441126,-97.7590721100569
68,True Food Kitchen,78701,4.5,30.2672474,-97.7520856
69,Lin Asian Bar And Dim Sum,78703,4.0,30.27281,-97.75799
70,68 Degrees Kitchen,78703,4.0,30.27786,-97.7729
71,Nightcap,78703,4.0,30.27371,-97.76045
72,CAVA,78701,5.0,30.26721,-97.74296
73,Cafe Josie,78703,4.5,30.2731212879431,-97.7571356024467
74,Cipollina,78703,3.5,30.2807,-97.75843
75,Sophia's,78701,4.0,30.26955,-97.74751
76,Freedmen's,78705,4.0,30.288439,-97.747897
77,Fixe Austin's Southern House,78701,4.0,30.26853,-97.74773
78,Fabi + Rosi,78703,4.5,30.2789000355663,-97.7726416986868
79,"Truluck's Seafood, Steak and Crab House",78701,4.5,30.26683,-97.74502
80,Wink,78703,4.0,30.275848,-97.752427
81,Clay Pit,78701,4.0,30.279073,-97.74232
82,She's Not Here,78701,4.0,30.2656463300085,-97.7483603730798
83,Zocalo Café,78703,4.0,30.2801055908203,-97.7594833374023
84,Clark's Oyster Bar,78703,4.0,30.273129,-97.757323
85,The Grove Wine Bar & Kitchen,78701,4.0,30.27102,-97.750691
86,Red Ash,78701,4.0,30.26588,-97.744672
87,Odd Duck,78704,4.5,30.25452,-97.762064
88,Nesperado Mexican Barbecue,78704,4.5,30.24686,-97.75639
89,Pastelaria São Paulo,78704,5.0,30.24441,-97.75808
90,Mattie's,78704,4.0,30.244963,-97.762289
91,Eberly,78704,4.0,30.2587887974766,-97.7587449596709
92,Loro,78704,4.0,30.24775,-97.77127
93,Lenoir,78704,4.0,30.24686,-97.75586
94,Sway,78704,4.0,30.250142,-97.754556
95,South Congress Cafe,78704,4.0,30.247910624258,-97.7506415082953
96,Barlata Tapas Bar,78704,4.0,30.2522283079698,-97.7644667171967
97,Chi'Lantro,78704,4.0,30.252212,-97.763751
98,Botticelli's,78704,4.0,30.2503552,-97.7491967
99,Ramen Tatsu-Ya,78704,4.0,30.253899793553,-97.7631825953722
100,Mandala Kitchen & Bar,78704,4.5,30.2558810087551,-97.7628875523806
101,TLC Austin,78704,4.5,30.25576,-97.76252
102,Phoebe's Diner,78704,4.5,30.2416132,-97.7588755
103,Uchi,78704,4.5,30.25754,-97.75981
104,El Alma,78704,4.0,30.2601,-97.75562
105,Winebelly,78704,4.0,30.24141,-97.75892
106,It's Italian Cucina,78704,4.5,30.25243,-97.76454
107,CAVA,78705,4.5,30.2885622487397,-97.741684423978
108,Don Japanese Kitchen,78705,4.5,30.29284,-97.7417399
109,Hopfields,78705,4.0,30.2985538576336,-97.7409893637848
110,Freedmen's,78705,4.0,30.288439,-97.747897
111,Olive & June,78703,4.0,30.30726,-97.75113
112,Sushi Hi,78705,4.5,30.296,-97.74264
113,The Carillon,78705,4.5,30.2818694031,-97.7400357374344
114,Kosmos,78705,5.0,30.29298,-97.74177
115,Clay Pit,78701,4.0,30.279073,-97.74232
116,Insennity,78705,5.0,30.2861986,-97.7425615
117,Ceviche7,78705,5.0,30.29634,-97.74139
118,Cabo Bob's Burritos,78705,4.5,30.295789,-97.7442669
119,Song La,78705,4.5,30.286232,-97.742502
120,Julie's Handmade Noodles,78705,4.0,30.290535,-97.744756
121,Halal Bros,78705,4.0,30.2925128936768,-97.7416687011719
122,Holy Taco!,78705,5.0,30.29551,-97.74174
123,Via 313 Pizza - North Campus,78705,4.5,30.2978794228869,-97.7415114110085
124,Pinch,78705,4.5,30.2876780434401,-97.7427316687172
125,Uchiko,78756,4.5,30.31067,-97.74
126,Taco Joint,78705,4.5,30.2916114,-97.734951
127,Culinary Dropout,78758,4.0,30.403653,-97.721503
128,Lotus + Cleaver,78758,4.5,30.40101,-97.72247
129,Halal Bros,78758,4.5,30.39257,-97.70742
130,Paul Martin's Austin Grill,78758,4.0,30.402853,-97.721297
131,Bazille,78758,4.5,30.4022442392014,-97.7204028617381
132,Chi'Lantro,78758,4.0,30.39442,-97.720184
133,Sway,78758,4.0,30.4004932869176,-97.7227822272256
134,Doc B's Fresh Kitchen,78758,4.5,30.402758,-97.719745
135,Mia Italian Tapas & Bar,78758,4.0,30.4010480276062,-97.7229421220703
136,Second Bar + Kitchen,78758,4.0,30.4023750200579,-97.721345834434
137,Velvet Taco,78758,4.0,30.40101,-97.72247
138,Thai Kun,78758,4.0,30.4016022028548,-97.7223529556808
139,Yard House,78758,4.0,30.4053,-97.72308
140,Kabobzi Mediterranean Grill,78758,4.5,30.39573,-97.71953
141,Cluck-N-Burger,78758,5.0,30.38409,-97.71473
142,Draft Shack Oyster Bar,78758,4.0,30.4062692,-97.7202672
143,Rice Bowl Cafe,78753,4.0,30.382525452192,-97.6885507713028
144,Flower Child,78758,4.5,30.40368,-97.72156
145,Peace Bakery and Deli,78753,4.5,30.381804,-97.687232
146,Turf N Surf Po' Boy,78758,3.5,30.4008323136614,-97.7229822854584
147,Cypress Grill,78749,4.0,30.22378213933,-97.8389456767437
148,Via 313 Pizza - Oak Hill,78735,4.5,30.232823,-97.865637
149,Chinos Banditos,78735,4.0,30.23312,-97.86559
150,Chen Z Noodle House,78735,4.0,30.23312,-97.86559
151,Hecho En Mexico,78749,4.0,30.2284872486666,-97.8634008356514
152,Taqueria Chapala,78735,4.0,30.235807,-97.85538
153,Mandola's Italian,78749,3.5,30.22135,-97.83949
154,Torchy's Tacos,78749,4.0,30.22135,-97.83949
155,Austin Pizza Garden,78735,3.5,30.2357725,-97.8590558
156,Kerbey Lane Cafe,78749,3.5,30.222755432098,-97.841308593813
157,Chuy's,78749,3.5,30.217729,-97.841512
158,Yanagi,78749,3.5,30.223993,-97.839499
159,Wholy Bagel,78749,4.5,30.2236706391258,-97.8387865238803
160,Biryani-N-Grill,78749,3.5,30.2148995757854,-97.8333988040686
161,Cheddar's Scratch Kitchen,78749,3.0,30.2198853131613,-97.8385018749288
162,Sesame Hill,78735,3.0,30.2358712453476,-97.8556718677282
163,Flores Mexican Restaurant,78749,3.0,30.2230527605093,-97.8428162365291
164,Donut Tacos Palace I,78735,3.5,30.2373452177042,-97.8402669395485
165,Panera Bread,78749,3.0,30.22325,-97.844193
166,Yaghi's New York Pizzeria,78749,3.5,30.222182,-97.837773
167,Dragonbeard Kitchen,78754,4.5,30.3310371446081,-97.6669375598431
168,Local Slice Pizza,78754,4.5,30.33067,-97.66709
169,Bill Miller Bar-B-Q,78724,2.5,30.329228,-97.658996
170,Taco hot,78753,5.0,30.3504239156208,-97.6764644833017
171,Ken's Subs Tacos & More,78754,4.0,30.35157,-97.67574
172,Tres Amigos,78723,3.5,30.324128,-97.674832
173,Subs N More,78754,4.5,30.3303299,-97.6798325
174,Buddy's Mexican Grill,78754,3.0,30.34642,-97.67688
175,El Charrito Restaurant,78723,3.5,30.3238839365973,-97.6822772036025
176,DaBest Eats Food Truck,78754,5.0,30.3515,-97.67526
177,McDonald's,78724,1.5,30.3290980470933,-97.6606352868407
178,Jack in the Box,78724,2.0,30.32927,-97.65827
179,Subway,78724,2.0,30.3280545026064,-97.6560511440039
180,Salty Sow,78722,4.5,30.2836497259461,-97.7213180065155
181,Roaring Fork,78701,4.0,30.2691040039062,-97.7419586181641
182,Second Bar + Kitchen,78701,4.0,30.2645939290629,-97.7444895054345
183,Easy Tiger,78701,4.0,30.2658004760742,-97.7356872558594
184,Austin Taco Project,78701,4.0,30.26506,-97.73862
185,CAVA,78701,5.0,30.26721,-97.74296
186,The Hightower,78702,4.0,30.264821,-97.729488
187,Corner,78701,4.0,30.264545,-97.74329
188,Clay Pit,78701,4.0,30.279073,-97.74232
189,The Carillon,78705,4.5,30.2818694031,-97.7400357374344
190,True Food Kitchen,78701,4.5,30.2672474,-97.7520856
191,Moonshine Patio Bar & Grill,78701,4.5,30.26386,-97.73796
192,Stella San Jac,78701,4.0,30.2665762751589,-97.740525726058
193,CAVA,78705,4.5,30.2885622487397,-97.741684423978
194,The Grub House,78701,4.5,30.2674408,-97.7368622
195,Sophia's,78701,4.0,30.26955,-97.74751
196,"Truluck's Seafood, Steak and Crab House",78701,4.5,30.26683,-97.74502
197,The Backspace,78701,4.0,30.26685,-97.74043
198,Fixe Austin's Southern House,78701,4.0,30.26853,-97.74773
199,Gus's World Famous Fried Chicken,78701,4.0,30.2634862,-97.7417305
200,Salty Sow,78722,4.5,30.2836497259461,-97.7213180065155
201,Roaring Fork,78701,4.0,30.2691040039062,-97.7419586181641
202,CAVA,78705,4.5,30.2885622487397,-97.741684423978
203,The Carillon,78705,4.5,30.2818694031,-97.7400357374344
204,CAVA,78701,5.0,30.26721,-97.74296
205,Clay Pit,78701,4.0,30.279073,-97.74232
206,True Food Kitchen,78701,4.5,30.2672474,-97.7520856
207,Freedmen's,78705,4.0,30.288439,-97.747897
208,The Grub House,78701,4.5,30.2674408,-97.7368622
209,Chicken Lollypop,78702,5.0,30.27412,-97.72018
210,Sophia's,78701,4.0,30.26955,-97.74751
211,"Truluck's Seafood, Steak and Crab House",78701,4.5,30.26683,-97.74502
212,The Backspace,78701,4.0,30.26685,-97.74043
213,Fixe Austin's Southern House,78701,4.0,30.26853,-97.74773
214,Insennity,78705,5.0,30.2861986,-97.7425615
215,Song La,78705,4.5,30.286232,-97.742502
216,Don Japanese Kitchen,78705,4.5,30.29284,-97.7417399
217,Eureka!,78701,4.0,30.2678427491661,-97.7412401139736
218,Patrizi's,78722,4.5,30.2839715080976,-97.7172101465576
219,Parkside,78701,4.0,30.2670631408691,-97.7403259277344
220,Roaring Fork,78701,4.0,30.2691040039062,-97.7419586181641
221,Clay Pit,78701,4.0,30.279073,-97.74232
222,The Carillon,78705,4.5,30.2818694031,-97.7400357374344
223,Second Bar + Kitchen,78701,4.0,30.2645939290629,-97.7444895054345
224,CAVA,78701,5.0,30.26721,-97.74296
225,Easy Tiger,78701,4.0,30.2658004760742,-97.7356872558594
226,Austin Taco Project,78701,4.0,30.26506,-97.73862
227,CAVA,78705,4.5,30.2885622487397,-97.741684423978
228,Corner,78701,4.0,30.264545,-97.74329
229,The Hightower,78702,4.0,30.264821,-97.729488
230,True Food Kitchen,78701,4.5,30.2672474,-97.7520856
231,Ramen Tatsu-Ya,78702,4.5,30.26326,-97.72624
232,Moonshine Patio Bar & Grill,78701,4.5,30.26386,-97.73796
233,Sophia's,78701,4.0,30.26955,-97.74751
234,Stella San Jac,78701,4.0,30.2665762751589,-97.740525726058
235,"Truluck's Seafood, Steak and Crab House",78701,4.5,30.26683,-97.74502
236,Fixe Austin's Southern House,78701,4.0,30.26853,-97.74773
237,The Grub House,78701,4.5,30.2674408,-97.7368622
238,The Backspace,78701,4.0,30.26685,-97.74043
239,Gus's World Famous Fried Chicken,78701,4.0,30.2634862,-97.7417305
240,The Beer Plant,78703,4.0,30.2965180811856,-97.7678042803603
241,Olive & June,78703,4.0,30.30726,-97.75113
242,Jeffrey's,78703,4.0,30.2803621441126,-97.7590721100569
243,Hula Hut,78703,3.5,30.2947120806306,-97.7843958519819
244,Cipollina,78703,3.5,30.2807,-97.75843
245,Food Food,78703,4.0,30.3042316436768,-97.7640686035156
246,Rabbit Food Grocery,78703,5.0,30.2976016,-97.7673076
247,The Big Kahuna,78756,4.5,30.321166,-97.739538
248,Zocalo Café,78703,4.0,30.2801055908203,-97.7594833374023
249,Abel's On the Lake,78703,2.5,30.29493,-97.78381
250,Pinch,78705,4.5,30.2876780434401,-97.7427316687172
251,Ceviche7,78705,5.0,30.29634,-97.74139
252,Josephine House,78703,3.5,30.280623,-97.759015
253,Galaxy Cafe,78703,4.0,30.27937,-97.75999
254,Brick Oven on 35th,78703,4.0,30.307613,-97.7509029
255,Tiny Boxwoods,78703,3.5,30.30606,-97.74975
256,All My Ex's,78705,5.0,30.29154,-97.74146
257,Lee's Meat Market,78798,4.0,30.3084854393881,-97.7506077289581
258,Longhorn Chicken,78705,4.0,30.29051,-97.74464
259,Kerbey Lane Cafe,78731,4.0,30.30803,-97.75047
260,Tuk Tuk Thai Cafe,78745,4.0,30.21589,-97.79683
261,Cuba 512,78745,4.0,30.2092761993408,-97.8150634765625
262,Taqueria Morales,78745,4.5,30.2003265,-97.8000062
263,Cherry Creek Catfish,78745,4.0,30.2146892056764,-97.7993884507873
264,Lebowski's Grill,78745,5.0,30.2067680296987,-97.816469773419
265,The Tipsy Pizza,78745,4.0,30.209454,-97.782287
266,Rusty Cannon Pub,78745,3.5,30.20985,-97.7820799
267,Emojis Grilled Cheese Bar,78745,4.0,30.203634262085,-97.7858963012695
268,Bamboo Bistro West Gate,78745,3.5,30.2076956,-97.8156256
269,Casa Garcia's,78745,4.0,30.202119,-97.806249
270,Jalapeños Taco Bar,78745,3.5,30.2031973923104,-97.8057224303484
271,Taqueria Arandas,78745,4.0,30.2166,-97.7989
272,Lotus Joint,78745,5.0,30.2238363197946,-97.8022950682028
273,Mami's Taco's,78745,4.5,30.199933122366,-97.8080944184235
274,La Posada Mexican Restaurant,78745,4.0,30.208303,-97.815419
275,Tutty Frutty,78745,4.0,30.1973787656538,-97.785772622091
276,The Vegan Yacht,78745,4.0,30.2188160252696,-97.7954140305519
277,Full English,78745,3.5,30.21888,-97.79565
278,Old School Kolaches,78745,5.0,30.2153869,-97.7960118
279,Cilantro's,78745,3.5,30.2102146148682,-97.786979675293
280,CAVA,78746,4.5,30.2729144,-97.8000585
281,Villarina's Pasta & Fine Foods,78646,4.5,30.273205,-97.800709
282,Las Palomas Restaurant & Bar,78746,3.5,30.271881,-97.800071
283,Blue Dahlia Bistro,78746,4.0,30.278640289503,-97.80777385929
284,Modern Market,78746,4.0,30.2727063,-97.8002069
285,Lotus Hunan,78746,3.5,30.2730240104014,-97.7994064273714
286,Marye's Gourmet Pizza,78746,4.5,30.2788789699226,-97.807303494104
287,Great Harvest Bread Company,78746,4.0,30.2728,-97.80017
288,Osio,78746,4.0,30.2574765541101,-97.8075747663392
289,Texas Honey Ham Company,78746,4.5,30.280861,-97.807227
290,Bombay Grill Indian Restaurant,78746,3.5,30.2733634858159,-97.8003334018488
291,Tacodeli,78746,4.5,30.25827,-97.78747
292,Chinatown Westlake,78746,3.0,30.2717352087104,-97.7866138650818
293,360 Pizza,78746,4.5,30.271439,-97.786221
294,Blenders and Bowls - Westlake,78746,4.5,30.28068,-97.80693
295,Cafe Bistro,78746,4.0,30.2587799228757,-97.8084361553192
296,Sarku Japan,78746,4.0,30.257642,-97.807724
297,The Big Kahuna,78756,4.5,30.321166,-97.739538
298,Jason's Deli,78746,3.5,30.275263,-97.800574
299,"Rudy's ""Country Store"" & Bar-B-Q",78746,4.5,30.26381,-97.81522
300,The Rotten Bunch,78717,4.5,30.4984434463754,-97.777564941803
301,The League Kitchen & Tavern,78717,4.0,30.4977090461029,-97.7737116701834
302,Twin Panda,78729,4.5,30.478817,-97.766685
303,Tony C's,78717,4.0,30.49695,-97.77433
304,P King,78717,3.5,30.4882144927979,-97.7721710205078
305,Snap Kitchen,78717,4.0,30.4970303,-97.7744675
306,Smokey Mo's BBQ - Avery Ranch,78717,3.5,30.4995187,-97.7770837
307,Brooklyn Heights Pizzeria,78717,3.5,30.4992731168111,-97.7774875819576
308,Hunan Ranch,78717,3.5,30.4991328182451,-97.7774116227539
309,Morelia Mexican Grill,78717,3.0,30.486592,-97.769706
310,Avery Ranch Golf Club House Sunset Bar & Grill,78717,3.5,30.5029907226562,-97.773078918457
311,Suprabhat,78717,3.5,30.47817,-97.76615
312,Marco's Pizza,78717,4.5,30.48876,-97.77234
313,Shipley Do-Nuts,78717,4.0,30.488705,-97.772233
314,Taco Bell,78717,2.5,30.48794,-97.77137
315,Papa John's Pizza,78717,2.5,30.47794,-97.76488
316,Taco Bell,78717,2.0,30.4865989238395,-97.7701677199061
317,Subway,78717,2.0,30.4864590366117,-97.7695792545058
318,McDonald's,78717,2.0,30.4962743702193,-97.7754610776901
319,Sonic Drive-In,78717,2.0,30.4776774,-97.7661519
320,Culinary Dropout,78758,4.0,30.403653,-97.721503
321,Lotus + Cleaver,78758,4.5,30.40101,-97.72247
322,Halal Bros,78758,4.5,30.39257,-97.70742
323,Paul Martin's Austin Grill,78758,4.0,30.402853,-97.721297
324,Bazille,78758,4.5,30.4022442392014,-97.7204028617381
325,Chi'Lantro,78758,4.0,30.39442,-97.720184
326,Sway,78758,4.0,30.4004932869176,-97.7227822272256
327,Doc B's Fresh Kitchen,78758,4.5,30.402758,-97.719745
328,Mia Italian Tapas & Bar,78758,4.0,30.4010480276062,-97.7229421220703
329,Second Bar + Kitchen,78758,4.0,30.4023750200579,-97.721345834434
330,Velvet Taco,78758,4.0,30.40101,-97.72247
331,Thai Kun,78758,4.0,30.4016022028548,-97.7223529556808
332,Yard House,78758,4.0,30.4053,-97.72308
333,Kabobzi Mediterranean Grill,78758,4.5,30.39573,-97.71953
334,Cluck-N-Burger,78758,5.0,30.38409,-97.71473
335,Draft Shack Oyster Bar,78758,4.0,30.4062692,-97.7202672
336,Rice Bowl Cafe,78753,4.0,30.382525452192,-97.6885507713028
337,Flower Child,78758,4.5,30.40368,-97.72156
338,Peace Bakery and Deli,78753,4.5,30.381804,-97.687232
339,Turf N Surf Po' Boy,78758,3.5,30.4008323136614,-97.7229822854584
340,The Peached Tortilla,78719,3.5,30.20215,-97.66713
341,The Salt Lick BBQ - Austin Airport,78719,3.5,30.2019912680496,-97.6677999596634
342,Veronica's Papusas Y Tacos,78744,5.0,30.1890910916204,-97.6861659809947
343,Vino Volo,78617,4.0,30.1997730903084,-97.6649259655231
344,Ray's Street Side,78719,3.0,30.2026494431007,-97.6673506057267
345,Second Bar + Kitchen ABIA,78719,3.0,30.2021049861623,-97.6655716449022
346,Mangia Pizza,78719,3.5,30.202624405787,-97.6672727302188
347,Annie's Cafe and Bar,78719,3.0,30.2022583404733,-97.670186237326
348,Taqueria Mis Tresoros,78744,5.0,30.1674511785192,-97.6921641623562
349,Maudie's,78719,2.0,30.2020539526401,-97.6679446297081
350,Rib Majesty BBQ,78758,3.5,30.202633,-97.668146
351,Thundercloud Subs,78719,3.0,30.202037,-97.667071
352,Baja St Tacos & Coastal Cuisine,78702,5.0,30.2642856452402,-97.7279278228155
353,Hill's Cafe,78719,2.0,30.2020651569641,-97.6661600310745
354,Belly Up,78701,4.5,30.2608476,-97.7382623
355,Saigon Le Vendeur,78702,4.5,30.2613162994385,-97.7145767211914
356,The Big Kahuna,78756,4.5,30.321166,-97.739538
357,Schlotzsky's,78719,2.5,30.2020401493378,-97.6680569828036
358,Dragon Delights,78702,4.0,30.2613466,-97.7142336
359,Mangia Pizza,78719,2.5,30.201819727111,-97.6679287056961
360,Caspian Grill,78759,4.5,30.4286222,-97.7604696
361,Pour House Pints And Pies,78759,4.0,30.4228443049482,-97.7553981431361
362,Kanji Ramen,78759,4.0,30.430654,-97.764294
363,OneTaco - an urban taqueria,78759,4.0,30.4254882999783,-97.7536881421342
364,Uzeat Restaurant,78759,4.5,30.43327,-97.77172
365,Fat Dragon,78759,4.0,30.43327,-97.77172
366,New Awlins Cafe,78759,4.0,30.4331162729744,-97.7715142072994
367,Chuy's,78759,4.0,30.418443,-97.747839
368,Poke House,78759,4.5,30.4061981042147,-97.7463034540415
369,Brick House Tavern + Tap,78759,3.5,30.4179506798627,-97.7475302281723
370,Pappadeaux Seafood Kitchen,78759,3.5,30.414657,-97.745024
371,Catfish Parlour - North Austin,78759,4.0,30.4242574419727,-97.7497927263283
372,Yummi Tacos,78759,4.0,30.428721,-97.760415
373,Rudy's Country Store & Bar-B-Q,78759,4.5,30.4141998391458,-97.7469116093729
374,Asia Cafe,78759,4.0,30.43327,-97.77172
375,Chen's Noodle House,78759,4.0,30.43327,-97.77172
376,Blue Basil,78759,4.0,30.43327,-97.77172
377,Bone Daddy's BBQ,78759,3.5,30.4157183214564,-97.7452174418976
378,Super Burrito at the Water Tank,78729,4.0,30.43508,-97.76645
379,Biryani & Co.,78759,4.5,30.40681,-97.74673
380,Country Boyz Fixins,78721,4.5,30.2792292692514,-97.6871675728775
381,Kinfolk BBQ,78721,5.0,30.285716,-97.681696
382,Justine's Brasserie,78702,4.0,30.253236,-97.700576
383,Eden East,78702,4.0,30.2578792675725,-97.7002314099258
384,Papa Joe's Tex-Mex,78702,4.5,30.26098,-97.69832
385,Sa-Tén - Canopy,78702,4.5,30.2619597964214,-97.6990253046073
386,El Secreto De Abuela,78702,4.0,30.2564749782332,-97.6924788366944
387,Cafe Del Sol,78721,4.0,30.26105,-97.68273
388,Sawyer & Co,78702,4.0,30.2513332366943,-97.7017822265625
389,Taqueria La Libertad,78702,5.0,30.27025,-97.697328
390,Beto's Mexican Restaurant,78721,4.5,30.27399,-97.69707
391,Dan's Hamburgers - Austin,78702,4.0,30.2584686279297,-97.6938400268555
392,The Originals SalvaTex Cuisine,78702,4.5,30.2763774799727,-97.7004396128992
393,Taqueria el Torito,78702,5.0,30.27031,-97.69738
394,Tiny's Tacos,78702,5.0,30.27101,-97.69692
395,Killa Wasi,78702,4.5,30.2569872977664,-97.6933858171105
396,Taqueria La Morena,78702,3.5,30.2549461469107,-97.6926120751466
397,Tacos Dunamis,78702,4.5,30.2540741919497,-97.698217579141
398,TAQUERIA  ELITA,78702,3.0,30.27032,-97.697364
399,Willie's Bar-B-Que,78721,3.5,30.28529,-97.68383
400,Salty Sow,78722,4.5,30.2836497259461,-97.7213180065155
401,8 Track,78722,4.5,30.28511,-97.71164
402,Contigo,78723,4.0,30.28804,-97.70335
403,Bird Bird Biscuit,78722,4.5,30.28492,-97.71398
404,L'Oca d'Oro,78723,4.0,30.297251,-97.704674
405,Patrizi's,78722,4.5,30.2839715080976,-97.7172101465576
406,Colleen's Kitchen,78723,4.0,30.2984,-97.704748
407,Abo Youssef,78722,4.5,30.283955,-97.719837
408,Chicken Lollypop,78702,5.0,30.27412,-97.72018
409,Eastside Cafe,78722,4.0,30.284,-97.7195
410,Elaine's at Eastside Cafe,78722,4.5,30.284,-97.7195
411,DIY Thai Food,78722,5.0,30.2965564727783,-97.7074203491211
412,School House Pub,78722,4.0,30.284213,-97.718819
413,Dai Due,78722,4.0,30.2848871297558,-97.7167839693365
414,Yuyo,78722,4.0,30.28407,-97.72177
415,Kyōten Sushiko,78723,4.5,30.29891,-97.70818
416,Unit-D Pizzeria,78722,4.5,30.2848241776318,-97.7169821018524
417,The Halal Corner,78723,4.0,30.306225107038,-97.7076307296322
418,Stella Public House,78723,3.5,30.2978198875665,-97.7055143730163
419,Kitchen Window,78751,5.0,30.30608,-97.71523
420,L'Oca d'Oro,78723,4.0,30.297251,-97.704674
421,Contigo,78723,4.0,30.28804,-97.70335
422,Colleen's Kitchen,78723,4.0,30.2984,-97.704748
423,The Halal Corner,78723,4.0,30.306225107038,-97.7076307296322
424,Gino's Vino Osteria,78723,4.5,30.307265,-97.706995
425,Xian Sushi and Noodle,78723,4.0,30.3029292726445,-97.6989614591002
426,DIY Thai Food,78722,5.0,30.2965564727783,-97.7074203491211
427,Kitchen Window,78751,5.0,30.30608,-97.71523
428,Paco's Tacos,78723,4.0,30.3075,-97.70581
429,Stella Public House,78723,3.5,30.2978198875665,-97.7055143730163
430,Bun Belly,78751,4.0,30.31124,-97.71505
431,Kyōten Sushiko,78723,4.5,30.29891,-97.70818
432,Sala and Betty,78751,4.5,30.31318,-97.71476
433,Pokeatery,78723,4.0,30.30557,-97.70986
434,Turntable Eatery,78751,4.5,30.31281,-97.7150599
435,Noon Mediterranean,78723,3.5,30.30254,-97.69826
436,J T Youngblood's,78723,3.5,30.2981255804541,-97.7055894748688
437,Hank's,78723,3.5,30.31203,-97.69365
438,Mum Foods,78722,5.0,30.2972641,-97.707266
439,Torchy's Tacos,78723,4.0,30.3035163105056,-97.6989054679871
440,Mi Puebla,78724,4.5,30.29005,-97.62819
441,Oasthouse Kitchen + Bar,78726,4.0,30.4224100300212,-97.8465196011887
442,Napa Flats Wood Fired Kitchen - Austin,78726,4.0,30.4186222113196,-97.8472590717649
443,Top Taco,78726,4.5,30.4438093,-97.8324636
444,Nik's Italian Kitchen + Bar,78726,3.5,30.415176,-97.850097
445,Flores Mexican Restaurant,78726,3.0,30.4188244,-97.8463623
446,Redfin Mobile Kitchen,78726,3.5,30.4212141,-97.8454272
447,Freebirds World Burrito,78726,3.5,30.4222627,-97.8456923
448,Morning Sunshine Breakfast Treats,78726,5.0,30.44421,-97.83213
449,Chicken Express,78726,4.0,30.421286,-97.846105
450,Freddy's Frozen Custard & Steakburgers,78726,3.5,30.4188243,-97.8463619
451,Schlotzsky's,78726,3.0,30.4237919440073,-97.8455345321128
452,K's Coffee Den,78726,5.0,30.4284553527832,-97.8423385620117
453,Whataburger,78726,3.0,30.4212141,-97.8454272
454,Domino's Pizza,78726,3.0,30.415176,-97.850097
455,Papa John's Pizza,78726,2.0,30.43946,-97.82664
456,Thai Cuisine,78727,4.0,30.4254760742188,-97.7167358398438
457,Tomodachi Sushi,78727,4.0,30.4254551351913,-97.7169332690769
458,Silver Grill Cafe,78727,3.0,30.425055,-97.716053
459,Sushi Junai 2,78727,4.0,30.4221802190919,-97.7017020061612
460,Tacodeli,78758,4.0,30.40744,-97.71322
461,Biryani Pot,78758,4.0,30.4173473291721,-97.7040982828728
462,Opal Divine's Marina,78727,3.5,30.42379,-97.70206
463,Todo Austin,78727,4.0,30.4241486,-97.7125702
464,The Taco Taxi,78727,4.5,30.432242,-97.7145152
465,O'daku Sushi,78727,4.0,30.4180224748019,-97.7023231784821
466,Kolache Factory,78727,3.5,30.42548,-97.71673
467,Mangia Pizza,78758,3.5,30.407499,-97.7134373
468,Moonies Burger House at Gracy Farms,78758,3.5,30.40744,-97.71322
469,P. Terry's Burger Stand,78758,3.5,30.414554,-97.705288
470,ThunderCloud Subs,78727,3.5,30.4220302438355,-97.7021743393696
471,Taco Cabana,78727,2.0,30.42069,-97.70277
472,Papa Murphy's,78758,3.5,30.4172969141099,-97.7042066044475
473,Chick-fil-A,78727,3.5,30.419029,-97.703338
474,Papa Murpheys Take & Bake Pizza,78758,5.0,30.4172969141099,-97.7042066044475
475,Subway,78758,3.5,30.4188385382532,-97.7033225055999
476,Garbo's,78728,4.5,30.4464221,-97.6857698
477,Inka Chicken,78728,4.5,30.4389,-97.67149
478,The Rolling Rooster,78727,4.5,30.437756835063,-97.6978736217692
479,El Huarache,78728,4.5,30.43596,-97.684
480,Ramos Restaurant,78728,4.0,30.4503683045361,-97.6948097077994
481,FD's Grillhouse,78660,3.5,30.443837,-97.666844
482,Texas Roadhouse,78660,3.5,30.449063,-97.665999
483,Crawfish Shack & Oyster Bar,78728,3.5,30.4352026050689,-97.6827533828034
484,Texas Bar & Grill,78728,4.0,30.45037,-97.694688
485,Four Seasons Chinese Restaurant,78728,3.5,30.44624,-97.68576
486,Polvo's,78728,3.0,30.44624,-97.68576
487,Cheddar's Scratch Kitchen,78660,3.0,30.444536112741,-97.6667929100541
488,Bheemas,78728,4.0,30.4352107278107,-97.6742550502624
489,Bombshells Restaurant & Bar,78660,2.5,30.4508088,-97.666382
490,Oasis,78728,4.0,30.44624,-97.68576
491,El Faro Taco & Cafe,78728,4.0,30.43549,-97.6744
492,Sniffies Bar B-Que,78728,5.0,30.45037,-97.69469
493,Wanfu 3,78727,3.0,30.4377647533018,-97.6975127414274
494,Bill Miller Bar-B-Q,78728,3.0,30.4388905,-97.6700897
495,Branch Bar B Que,78728,3.5,30.43549,-97.6744
496,Ola Poke,78750,4.0,30.44621,-97.78661
497,183 Grill Austin,78750,4.5,30.4583013084103,-97.79181843742
498,Papalote Taco House,78750,4.0,30.4433680264628,-97.7841979675734
499,The Mill Bar & Grill,78729,5.0,30.45227,-97.78107
500,Shandeez  Restaurant,78729,4.0,30.453765,-97.772964
501,The Melting Pot - Austin,78750,4.0,30.4458990191517,-97.7859183888855
502,New Awlins Cafe,78759,4.0,30.4331162729744,-97.7715142072994
503,Midori Sushi,78750,4.5,30.4487123886129,-97.7877934717583
504,Cover 2,78750,4.0,30.457156,-97.791483
505,Jardin Corona Mexican Restaurant,78729,4.0,30.44644,-97.77896
506,Davod's Mediterranean Market & Restaurant,78750,4.5,30.4497575,-97.7897605
507,Kerbey Lane Cafe,78750,3.0,30.447243,-97.787095
508,Texas Wings & Grill,78729,3.5,30.4459920044429,-97.7783560190341
509,Reale's Pizza & Café,78750,4.0,30.446430803618,-97.7910671534424
510,Mang Dedoy's,78729,3.5,30.45377,-97.77296
511,Nanking Restaurant,78750,4.0,30.4465741686715,-97.7917752566223
512,Texas Roadhouse,78750,3.5,30.4468938956666,-97.7887151436554
513,Sushi Hara,78729,4.5,30.46803,-97.76171
514,Cheddar's Scratch Kitchen,78750,3.5,30.4459905863115,-97.7878159672808
515,Super Burrito at the Water Tank,78729,4.0,30.43508,-97.76645
516,The Peached Tortilla,78756,4.0,30.33075,-97.74021
517,Saffron,78731,4.5,30.35501,-97.7555
518,Azul Tequila,78731,4.0,30.3427391,-97.7640076
519,Chez Zee American Bistro,78731,3.5,30.3367272,-97.7579259
520,Street,78731,4.0,30.35675,-97.74736
521,Chi'Lantro,78756,4.0,30.3245593141276,-97.740055874205
522,Falafel Fusion,78731,5.0,30.35292,-97.75394
523,Tacos Ivan,78731,4.5,30.352,-97.75657
524,Biderman's Deli,78731,4.0,30.356237,-97.758033
525,Taco Flats,78756,4.0,30.330914,-97.740225
526,Sap's Fine Thai Cuisine,78756,4.0,30.3335091520894,-97.7408943834809
527,Hao-Q Asian Kitchen,78731,4.0,30.3562298,-97.7580338
528,Victoria Provisions,78731,5.0,30.3542409,-97.7742702
529,Taco Fresco,78731,4.0,30.3375466267543,-97.7560901641846
530,Way South Philly Deli,78756,4.5,30.3243479175908,-97.7399788442358
531,Lucy's Fried Chicken,78756,3.5,30.328717,-97.740235
532,Sarah's Mediterranean Grill & Market,78756,4.0,30.32455,-97.740112
533,CraigO's Pizza & Pastaria,78731,3.5,30.33616,-97.7574099
534,Fonda San Miguel,78756,4.0,30.32545,-97.7435
535,Billy's on Burnet,78756,4.0,30.3220291137695,-97.7397613525391
536,Steiner Ranch Steakhouse,78732,3.5,30.38991,-97.87181
537,Cho Sushi Japanese Fusion,78732,4.0,30.38243,-97.88458
538,Lakeside Pizza & Grill,78732,3.5,30.36917,-97.8926199
539,Madras Dhaba,78732,4.5,30.38983,-97.89069
540,Kawa Asian Kitchen,78732,3.0,30.3878031106103,-97.8827818250216
541,Cups & Cones,78732,4.0,30.36917,-97.8926199
542,Tacos El Gallito,78732,3.0,30.38983,-97.89068
543,The Coffee Bean and Tea Leaf,78732,4.0,30.3879867155612,-97.8840388465576
544,Ronnie's Real Food Bistro,78733,4.0,30.33269,-97.8852
545,Sundancer Grill,78734,4.0,30.381445,-97.9596972
546,Lucy's Fried Chicken,78734,3.0,30.3919410933224,-97.9400729387999
547,Don Mario Mexican Restaurant,78734,4.0,30.3814053,-97.9451126
548,Gatti's Pizza,78734,1.5,30.3944794088602,-97.9340084642172
549,Chinos Banditos,78735,4.0,30.23312,-97.86559
550,Via 313 Pizza - Oak Hill,78735,4.5,30.232823,-97.865637
551,Chen Z Noodle House,78735,4.0,30.23312,-97.86559
552,Taqueria Chapala,78735,4.0,30.235807,-97.85538
553,Hecho En Mexico,78749,4.0,30.2284872486666,-97.8634008356514
554,Tino's Mexican Food,78735,4.5,30.233443,-97.8722839
555,Austin Pizza Garden,78735,3.5,30.2357725,-97.8590558
556,Sesame Hill,78735,3.0,30.2358712453476,-97.8556718677282
557,Austin's Pizza,78735,4.5,30.34027,-97.8630699
558,Donut Tacos Palace I,78735,3.5,30.2373452177042,-97.8402669395485
559,JuiceLand,78735,4.0,30.2335396804537,-97.8660480790863
560,Pizza Hut,78735,2.5,30.23545,-97.8614599
561,Jack in the Box,78749,2.5,30.2313557548136,-97.8643998507758
562,Subway,78735,2.5,30.23312,-97.86559
563,Winner Winner Rotisserie and Fine Foods,78736,4.5,30.23192,-97.9298432969589
564,The Rusty Mule,78736,4.5,30.2312371513822,-97.927311988385
565,"Lox, Box & Barrel",78736,4.5,30.23003,-97.93405
566,Busty Bites,78736,5.0,30.2315001023537,-97.927200011909
567,Gordo's Tortas & BBQ,78737,4.5,30.2302033152743,-97.9351133399506
568,Stubbs At Graceland Grocery,78736,3.5,30.2347352,-97.9116111
569,Waffle House,78724,2.5,30.32934,-97.65779
570,Subway,78736,2.5,30.231031,-97.933937
571,Pieous,78737,4.5,30.2108700401035,-97.9685118872295
572,Tia's Kitchen,78737,5.0,30.19916,-97.97097
573,Cafe Ybor Food Bus,78737,5.0,30.1994915,-97.9718798
574,EL CHARRO Amigo,78737,3.5,30.2112266684343,-97.9689646780841
575,Rocco's Grill,78738,4.0,30.305665,-97.933315
576,BackDraft Pizzeria,78738,5.0,30.3201648189332,-97.9524979656067
577,Tadashi,78738,3.5,30.3093715923974,-97.9410393182465
578,Chi-Town Chicago Style Eatery,78738,4.5,30.3203791218715,-97.9525790736079
579,Chisos Grill,78738,3.5,30.3084170008421,-97.9382196232753
580,Bon Japanese Cuisine,78738,4.5,30.323924,-97.957994
581,Cafe Blue,78738,3.5,30.30918,-97.94027
582,Meridian 98,78738,4.0,30.309514,-97.935608
583,Mandola's Italian,78738,4.0,30.3051207251419,-97.9419097938217
584,All Star Burger,78738,4.0,30.309307291511,-97.9425991694709
585,Buenos Aires Café - Galleria,78738,3.5,30.309195,-97.9389124
586,Tony C's Coal Fired Pizza,78738,3.5,30.3092945864175,-97.9407862749771
587,Elle's Cafe & Coffee,78738,4.5,30.3087624364541,-97.9468688293609
588,Emerald Restaurant,78738,3.5,30.30835,-97.9529699
589,Baguette et Chocolat,78738,4.0,30.307291,-97.927277
590,Simply Pho House,78738,3.5,30.3073583195024,-97.9448628609518
591,Madam Mam's,78738,3.5,30.3071683002746,-97.9359425290738
592,Plate By Dzintra,78738,4.0,30.3041192521061,-97.9419280589007
593,Jersey Giant Pizza,78738,4.0,30.3097125031556,-97.9612193042217
594,Maudie's Hill Country,78738,3.0,30.304761430141,-97.9373935981999
595,District Kitchen & Cocktails,78749,4.0,30.2014264170508,-97.8796087791679
596,Satellite Eat Drink Orbit,78749,3.5,30.201602,-97.88007
597,Mangieri's Pizza Cafe,78749,4.0,30.201335907791,-97.8789947359354
598,Waterloo Ice House Escarpment,78749,3.0,30.20267,-97.87877
599,Subway,78749,2.0,30.200883,-97.875817
600,888 Pan Asian Restaurant,78741,4.0,30.2296193570823,-97.7299686863661
601,Pho Please,78741,4.5,30.24272,-97.72791
602,Het Say Vietnamese Kitchen,78741,4.5,30.23015,-97.73257
603,Li'l Nonna's,78741,4.5,30.2416820526123,-97.7268676757812
604,La Sabroza,78741,4.5,30.2246524566919,-97.7034115791321
605,Plow Burger,78741,4.5,30.24172,-97.7269
606,Chi'Lantro,78741,4.0,30.24369,-97.7285
607,Cow Bells,78741,4.5,30.242325,-97.729232
608,Kim Phung Restaurant  Riverside,78741,4.0,30.23765,-97.72654
609,1776 Cheesesteak,78741,4.0,30.24172,-97.7269
610,G Bar and Bistro,78744,4.0,30.2125737,-97.7053511
611,Hecho En Mexico,78741,4.0,30.2236087806246,-97.7037840109176
612,Sabor A Honduras,78741,4.0,30.2392468046738,-97.7196483165448
613,El Taquito,78741,4.0,30.243582,-97.730586
614,Java Noodles,78741,3.5,30.229426,-97.729323
615,Cafe Nena'i,78741,4.5,30.22724,-97.70237
616,La Hawaiina,78741,5.0,30.23118,-97.73331
617,Taco More - Austin,78741,4.0,30.240271,-97.728518
618,Salsa and Kimchi,78741,4.5,30.2430958,-97.7304608
619,Rosita's Al Pastor,78798,4.0,30.2418985962868,-97.728518396616
620,Taqueria Peloncitos,78744,5.0,30.19279,-97.73865
621,Casa Vallarta,78744,4.0,30.2066289755201,-97.7182224020362
622,Taqueria Lopez,78744,4.5,30.20252,-97.75236
623,La Placita,78744,4.0,30.19468,-97.74511
624,El Meson,78744,4.0,30.2077252417803,-97.7210504561663
625,El Regio,78744,4.0,30.19345,-97.74415
626,Domino's Pizza,78744,4.0,30.1920884765049,-97.738593108952
627,Pleasant Valley Market,78744,3.0,30.19345,-97.74415
628,Sonic Drive-In,78744,2.5,30.1929624913091,-97.7394054830074
629,Little Caesars,78744,3.0,30.18045334244,-97.7479720737229
630,Church's Chicken,78744,2.0,30.19231,-97.73861
631,Tuk Tuk Thai Cafe,78745,4.0,30.21589,-97.79683
632,Taqueria Morales,78745,4.5,30.2003265,-97.8000062
633,The Tipsy Pizza,78745,4.0,30.209454,-97.782287
634,Cherry Creek Catfish,78745,4.0,30.2146892056764,-97.7993884507873
635,Totopos Mexican Grill,78745,4.5,30.19307,-97.77807
636,Rusty Cannon Pub,78745,3.5,30.20985,-97.7820799
637,Emojis Grilled Cheese Bar,78745,4.0,30.203634262085,-97.7858963012695
638,First Wok,78745,4.0,30.2078941688822,-97.7810110687044
639,Aviator Pizza & Drafthouse,78745,4.5,30.19524,-97.7774
640,Casa Garcia's,78745,4.0,30.202119,-97.806249
641,Taqueria Arandas,78745,4.0,30.2166,-97.7989
642,Lotus Joint,78745,5.0,30.2238363197946,-97.8022950682028
643,Tutty Frutty,78745,4.0,30.1973787656538,-97.785772622091
644,Cilantro's,78745,3.5,30.2102146148682,-97.786979675293
645,Jalapeños Taco Bar,78745,3.5,30.2031973923104,-97.8057224303484
646,Mami's Taco's,78745,4.5,30.199933122366,-97.8080944184235
647,The Vegan Yacht,78745,4.0,30.2188160252696,-97.7954140305519
648,Full English,78745,3.5,30.21888,-97.79565
649,Old School Kolaches,78745,5.0,30.2153869,-97.7960118
650,D K Sushi Restaurant,78745,3.5,30.200511932373,-97.7860488891602
651,CAVA,78746,4.5,30.2729144,-97.8000585
652,Villarina's Pasta & Fine Foods,78646,4.5,30.273205,-97.800709
653,Blue Dahlia Bistro,78746,4.0,30.278640289503,-97.80777385929
654,Las Palomas Restaurant & Bar,78746,3.5,30.271881,-97.800071
655,Texas Honey Ham Company,78746,4.5,30.280861,-97.807227
656,Marye's Gourmet Pizza,78746,4.5,30.2788789699226,-97.807303494104
657,Blenders and Bowls - Westlake,78746,4.5,30.28068,-97.80693
658,Modern Market,78746,4.0,30.2727063,-97.8002069
659,Lotus Hunan,78746,3.5,30.2730240104014,-97.7994064273714
660,Jewhungry?,78704,5.0,30.22565,-97.76274
661,Vaquero's Cafe and Cantina,78746,4.0,30.27087,-97.81717
662,The Big Kahuna,78756,4.5,30.321166,-97.739538
663,Peoples Rx,78746,4.5,30.2756214141846,-97.8164367675781
664,Great Harvest Bread Company,78746,4.0,30.2728,-97.80017
665,One Taco,78746,4.5,30.269653,-97.817123
666,Agostino's Pizza,78701,4.5,30.25922,-97.73889
667,Bombay Grill Indian Restaurant,78746,3.5,30.2733634858159,-97.8003334018488
668,Jason's Deli,78746,3.5,30.275263,-97.800574
669,The Halal Gurus,78704,4.5,30.2419105269154,-97.7595381896206
670,Pinch,78705,4.5,30.2876780434401,-97.7427316687172
671,Papa John's Pizza,78747,2.5,30.1573804355088,-97.7442133790006
672,The Hive Austin,78748,5.0,30.1677174121141,-97.8305261582136
673,Independence Fine Foods,78748,4.5,30.1709841777231,-97.8242614473602
674,Valentina's Tex Mex BBQ,78748,4.5,30.15305,-97.833834
675,Shogun,78748,4.0,30.171155,-97.824218
676,Sala Thai Food,78748,4.0,30.1731959,-97.8261511
677,DK Maria's Legendary Tex-Mex,78748,3.5,30.1712025480873,-97.8226957842707
678,Hummus Cuisine,78748,4.5,30.15364,-97.83376
679,Panchita Taco Taco,78748,3.5,30.17204,-97.82589
680,China Dynasty,78748,3.5,30.1748971751422,-97.8269238407532
681,Local Yokel,78748,3.5,30.169317,-97.826674
682,Dave's Tacos,78748,5.0,30.15364,-97.83376
683,Papa Murphy's,78748,4.5,30.174857,-97.824144
684,Southside Flying Pizza,78748,3.0,30.15193,-97.83394
685,Thundercloud Subs,78748,3.5,30.1712207,-97.8234997
686,Taco Cabana,78748,2.0,30.175146,-97.822418
687,Taqueria Mina,78748,4.5,30.1791925340331,-97.8400701685348
688,Tacos Diaz,78748,5.0,30.1644039154053,-97.823616027832
689,Urban Coyote,78748,2.0,30.1707038879395,-97.8261260986328
690,Domino's Pizza,78748,3.0,30.172903,-97.822082
691,Old School Kolaches,78745,5.0,30.2153869,-97.7960118
692,Evangeline Café,78745,4.0,30.2020969264389,-97.8386570037048
693,North By Northwest Restaurant & Brewery - Slaughter,78749,3.5,30.200065,-97.867946
694,Cypress Grill,78749,4.0,30.22378213933,-97.8389456767437
695,Whitfield's BBQ,78748,4.5,30.19387,-97.84268
696,Alma's Tacos,78745,4.0,30.2009,-97.83835
697,Mandola's Italian,78749,3.5,30.22135,-97.83949
698,Torchy's Tacos,78749,4.0,30.22135,-97.83949
699,Taco n' Mama,78748,5.0,30.1950659690457,-97.8432855329049
700,Chuy's,78749,3.5,30.217729,-97.841512
701,BurgerFi,78749,3.5,30.2006086946311,-97.8689930623065
702,Kerbey Lane Cafe,78749,3.5,30.222755432098,-97.841308593813
703,400 Rabbits Bar,78739,3.5,30.199722,-97.869529
704,Cheddar's Scratch Kitchen,78749,3.0,30.2198853131613,-97.8385018749288
705,Casa Arandinas,78748,3.5,30.19387,-97.84268
706,Jet's Pizza,78748,4.0,30.194436,-97.842522
707,The Coffee Bean & Tea Leaf,78749,4.0,30.200476,-97.869805
708,Nanami Sushi Bar & Grill,78748,3.5,30.1934934475843,-97.8429376894383
709,Yanagi,78749,3.5,30.223993,-97.839499
710,Wholy Bagel,78749,4.5,30.2236706391258,-97.8387865238803
711,Flores Mexican Restaurant,78749,3.0,30.2230527605093,-97.8428162365291
712,Fresh Heim,78750,4.5,30.461817,-97.795588
713,Ola Poke,78750,4.0,30.44621,-97.78661
714,183 Grill Austin,78750,4.5,30.4583013084103,-97.79181843742
715,Papalote Taco House,78750,4.0,30.4433680264628,-97.7841979675734
716,Reale's Pizza & Café,78750,4.0,30.446430803618,-97.7910671534424
717,The Melting Pot - Austin,78750,4.0,30.4458990191517,-97.7859183888855
718,Midori Sushi,78750,4.5,30.4487123886129,-97.7877934717583
719,Davod's Mediterranean Market & Restaurant,78750,4.5,30.4497575,-97.7897605
720,Cover 2,78750,4.0,30.457156,-97.791483
721,Nanking Restaurant,78750,4.0,30.4465741686715,-97.7917752566223
722,Shanghai Noodle House,78750,3.5,30.4474449157715,-97.804328918457
723,The Back Porch,78750,3.5,30.4619156031557,-97.815316418966
724,Kerbey Lane Cafe,78750,3.0,30.447243,-97.787095
725,Goya,78750,4.5,30.4619317261897,-97.795398272574
726,Pita Fusion - Lake Creek,78750,4.5,30.462001,-97.795169
727,Osaka Mansun Restaurant,78750,4.0,30.4484676607638,-97.7920927010193
728,Texas Roadhouse,78750,3.5,30.4468938956666,-97.7887151436554
729,The Mill Bar & Grill,78729,5.0,30.45227,-97.78107
730,Cheddar's Scratch Kitchen,78750,3.5,30.4459905863115,-97.7878159672808
731,Hunan Bistro,78750,4.0,30.4476,-97.81077
732,The Brewtorium Brewery & Kitchen,78752,4.5,30.3258884311273,-97.7175339123001
733,Bun Belly,78751,4.0,30.31124,-97.71505
734,Kitchen Window,78751,5.0,30.30608,-97.71523
735,Sala and Betty,78751,4.5,30.31318,-97.71476
736,Turntable Eatery,78751,4.5,30.31281,-97.7150599
737,The Halal Corner,78723,4.0,30.306225107038,-97.7076307296322
738,Gino's Vino Osteria,78723,4.5,30.307265,-97.706995
739,Colleen's Kitchen,78723,4.0,30.2984,-97.704748
740,The Big Kahuna,78756,4.5,30.321166,-97.739538
741,Uchiko,78756,4.5,30.31067,-97.74
742,Drink Well,78751,4.0,30.31728,-97.72062
743,Titaya's Thai Cuisine,78751,4.0,30.3236051867619,-97.7273681944428
744,Workhorse Bar,78751,4.0,30.31771,-97.721675
745,Van's Banh Mi,78751,5.0,30.31739,-97.72109
746,MezzeMe Mediterranean Kitchen,78751,4.5,30.315702,-97.733463
747,ASTI Trattoria,78751,3.5,30.30499,-97.72646
748,Kome Sushi Kitchen,78751,4.0,30.314106,-97.714511
749,Picnik,78756,4.5,30.3189735054924,-97.7391379775419
750,Julio's Café,78751,4.0,30.30495,-97.72617
751,Foreign & Domestic,78751,3.5,30.3171071,-97.7196383
752,The Brewtorium Brewery & Kitchen,78752,4.5,30.3258884311273,-97.7175339123001
753,Fresko Eats,78752,5.0,30.336406890935,-97.7167392256561
754,Royal Jelly,78752,4.5,30.3391,-97.71703
755,Chago's Caribbean Cuisine,78752,4.5,30.3402583550962,-97.7169592670936
756,Black Star Co-op Pub & Brewery,78752,4.0,30.3381716531677,-97.7188450098038
757,Heo Eatery,78752,4.5,30.3308502022095,-97.7235301584005
758,Lima Criolla,78752,4.0,30.3260568380981,-97.7076581067457
759,Stiles Switch BBQ & Brew,78757,4.0,30.33452,-97.72169
760,Taqueria Gardenia,78752,4.5,30.3341023,-97.7066095
761,Pappadeaux Seafood Kitchen,78752,4.0,30.3253,-97.70515
762,Arpeggio Grill,78752,4.0,30.3309659,-97.7155318
763,Michi Ramen,78752,3.5,30.33331,-97.72131
764,Jang's Chimac Cafe,78752,4.0,30.3340600057404,-97.7164900302887
765,Vivo Austin,78752,4.0,30.3254085112821,-97.7085228255478
766,101 By Teahaus,78752,4.0,30.33712,-97.71728
767,Brazas Taco House,78752,4.5,30.33406,-97.7164899
768,Ola Poke,78752,4.0,30.335921,-97.720494
769,Kura Revolving Sushi Bar,78752,4.0,30.3375294200535,-97.7175760904836
770,Chosun Korean BBQ,78752,3.5,30.329818,-97.706662
771,Vigilante Gaming Bar,78752,4.0,30.3394025962971,-97.7183186262846
772,Oakwood BBQ,78753,4.0,30.37792,-97.6795
773,Korean Grill,78753,4.5,30.378910719879,-97.6867842656067
774,Rogers Boyz BBQ,78753,5.0,30.3772761880226,-97.6746908202767
775,Santorini Cafe,78753,4.5,30.3876,-97.68399
776,College RoadHouse,78753,4.5,30.3646543475126,-97.6943624764681
777,First Chinese Barbecue,78753,4.0,30.3788135342932,-97.6864677649429
778,Tacos Y Tortas El Chilango,78753,4.5,30.3762,-97.68926
779,New Fortune Chinese Seafood Restaurant,78753,4.0,30.3776346736639,-97.6879827004826
780,Peace Bakery and Deli,78753,4.5,30.381804,-97.687232
781,Tortilleria Rio Grande,78753,4.0,30.37612,-97.67356
782,Rice Bowl Cafe,78753,4.0,30.382525452192,-97.6885507713028
783,Pho Saigon Noodle House,78753,4.0,30.3780509244419,-97.6873283075485
784,Balkan Cafe & Grill,78753,4.5,30.3876,-97.68399
785,Chuy's,78753,4.0,30.3751687,-97.6905747
786,The Halal Gurus,78753,5.0,30.374721,-97.6723151
787,2N1 Salad Bar and Grill,78758,4.5,30.38264,-97.68884
788,Baguette House,78753,4.0,30.3771243408178,-97.6868110876968
789,Los Catrachos,78753,3.5,30.3745727539062,-97.6718673706055
790,Ross' Old Austin Cafe,78753,4.0,30.3884431070727,-97.6838314533234
791,Duy Vietnamese Restaurant,78753,4.0,30.3781484037916,-97.6877042634458
792,Rogers Boyz BBQ,78753,5.0,30.3772761880226,-97.6746908202767
793,Tortilleria Rio Grande,78753,4.0,30.37612,-97.67356
794,Taco hot,78753,5.0,30.3504239156208,-97.6764644833017
795,The Halal Gurus,78753,5.0,30.374721,-97.6723151
796,Los Catrachos,78753,3.5,30.3745727539062,-97.6718673706055
797,Ken's Subs Tacos & More,78754,4.0,30.35157,-97.67574
798,Mí Casa Market,78754,4.0,30.376633,-97.659807
799,Vazquez Restaurant,78753,4.0,30.3754185391101,-97.6729624291532
800,Buddy's Mexican Grill,78754,3.0,30.34642,-97.67688
801,Sabe,78753,5.0,30.37688,-97.67748
802,La Montaña Tacos,78753,4.5,30.37688,-97.67748
803,DaBest Eats Food Truck,78754,5.0,30.3515,-97.67526
804,Whataburger,78753,2.5,30.3754275897185,-97.6761656999588
805,Pizza Hut,78753,1.5,30.3745727539062,-97.6718673706055
806,Subway,78753,4.5,30.3766918182373,-97.6732864379883
807,Jack In the Box,78753,2.0,30.376088439567,-97.6731408889883
808,Saffron,78731,4.5,30.35501,-97.7555
809,Street,78731,4.0,30.35675,-97.74736
810,Brama Restaurant,78757,4.5,30.36622,-97.73872
811,Troy,78759,4.5,30.371765,-97.756428
812,Barley Swine,78757,4.5,30.3412737661652,-97.7383886364151
813,Jack Allen's Kitchen,78757,4.0,30.3612,-97.73943
814,Falafel Fusion,78731,5.0,30.35292,-97.75394
815,Be More Pacific,78757,4.0,30.36068,-97.74139
816,Biderman's Deli,78731,4.0,30.356237,-97.758033
817,Tacos Ivan,78731,4.5,30.352,-97.75657
818,Hao-Q Asian Kitchen,78731,4.0,30.3562298,-97.7580338
819,Cabo Bob's Burritos,78757,4.0,30.3601,-97.74075
820,Three Little Pigs,78757,4.5,30.340254,-97.738615
821,Eldorado Cafe,78757,4.5,30.36198,-97.74246
822,Yard Bar,78757,4.0,30.34303,-97.73921
823,Azul Tequila,78731,4.0,30.3427391,-97.7640076
824,Austin Terrier,78731,4.0,30.357109,-97.748635
825,Snap Kitchen,78731,4.5,30.353009,-97.7540296
826,Apolonia Catering,78755,5.0,30.35416,-97.75496
827,Bufalina Due,78757,4.0,30.3413560722054,-97.7385051851856
828,The Peached Tortilla,78756,4.0,30.33075,-97.74021
829,The Big Kahuna,78756,4.5,30.321166,-97.739538
830,Picnik,78756,4.5,30.3189735054924,-97.7391379775419
831,Jewboy Burgers,78756,5.0,30.3212704266421,-97.739480091546
832,Chi'Lantro,78756,4.0,30.3245593141276,-97.740055874205
833,Olive & June,78703,4.0,30.30726,-97.75113
834,Budare's Venezuelan Food,78756,4.5,30.32118,-97.7395
835,Uchiko,78756,4.5,30.31067,-97.74
836,The Peached Tortilla,78756,4.0,30.3252124786377,-97.7383422851563
837,Titaya's Thai Cuisine,78751,4.0,30.3236051867619,-97.7273681944428
838,T-Loc's Sonora Hot Dogs,78756,5.0,30.3211689,-97.7395055
839,Stinson's,78756,4.0,30.3151275,-97.7417583
840,Billy's on Burnet,78756,4.0,30.3220291137695,-97.7397613525391
841,MezzeMe Mediterranean Kitchen,78751,4.5,30.315702,-97.733463
842,Gusto Italian Kitchen & Wine Bar,78756,3.5,30.3183136593457,-97.7399416283112
843,The B's Kitchen -Vietnamese & Asian Cuisine,78756,5.0,30.3212623822948,-97.7399045298369
844,Heo Eatery,78752,4.5,30.3308502022095,-97.7235301584005
845,Way South Philly Deli,78756,4.5,30.3243479175908,-97.7399788442358
846,Citizen Eatery,78756,4.5,30.3216936764352,-97.7389393582665
847,Pinthouse Pizza,78756,4.0,30.3187905381179,-97.7391115483136
848,Haru Ramen,78757,4.5,30.3547112891156,-97.7329172375578
849,Hi Wings,78757,4.5,30.3552293403268,-97.7326987285584
850,Wild Chix & Waffles,78757,4.0,30.3544629161613,-97.7323084687866
851,Brama Restaurant,78757,4.5,30.36622,-97.73872
852,Nosh & Bevvy,78757,4.0,30.3654772101226,-97.7288885435165
853,DeSano Pizzeria Napoletana,78757,4.5,30.35851,-97.73065
854,Jack Allen's Kitchen,78757,4.0,30.3612,-97.73943
855,Barley Swine,78757,4.5,30.3412737661652,-97.7383886364151
856,Bartlett's,78757,4.0,30.3567047119141,-97.7312469482422
857,T22 Chicken Joint,78757,4.0,30.34801,-97.73535
858,Be More Pacific,78757,4.0,30.36068,-97.74139
859,Noori's Grill,78757,5.0,30.35679,-97.73269
860,Street,78731,4.0,30.35675,-97.74736
861,Hopdoddy Burger Bar,78757,4.0,30.357621,-97.733102
862,SLAB BBQ & Beer,78758,4.5,30.3713101540255,-97.7246514312134
863,Ramen Tatsu-Ya,78758,4.0,30.361239468932,-97.715247647945
864,Kiwami Ramen,78757,3.5,30.358733,-97.734482
865,Cabo Bob's Burritos,78757,4.0,30.3601,-97.74075
866,Fresko Eats,78752,5.0,30.336406890935,-97.7167392256561
867,Three Little Pigs,78757,4.5,30.340254,-97.738615
868,Lotus + Cleaver,78758,4.5,30.40101,-97.72247
869,Halal Bros,78758,4.5,30.39257,-97.70742
870,Zaika Indian Contemporary Cuisine,78758,4.5,30.37257,-97.72378
871,Andiamo Ristorante,78758,4.0,30.382337,-97.723175
872,Chi'Lantro,78758,4.0,30.39442,-97.720184
873,North Italia,78758,4.0,30.4022781469848,-97.7259850502014
874,Bazille,78758,4.5,30.4022442392014,-97.7204028617381
875,SLAB BBQ & Beer,78758,4.5,30.3713101540255,-97.7246514312134
876,Sway,78758,4.0,30.4004932869176,-97.7227822272256
877,Cluck-N-Burger,78758,5.0,30.38409,-97.71473
878,Lebowski's Grill,78757,4.5,30.37186,-97.72586
879,Gringa's Street Tacos,78758,4.0,30.38413,-97.72339
880,Mia Italian Tapas & Bar,78758,4.0,30.4010480276062,-97.7229421220703
881,Copper Restaurant & Dessert Lounge,78758,4.0,30.4004963655268,-97.7271404662891
882,Velvet Taco,78758,4.0,30.40101,-97.72247
883,Kabobzi Mediterranean Grill,78758,4.5,30.39573,-97.71953
884,Xian Noodles,78758,4.0,30.4010543570803,-97.727352976799
885,Second Bar + Kitchen,78758,4.0,30.4023750200579,-97.721345834434
886,Thai Kun,78758,4.0,30.4016022028548,-97.7223529556808
887,Beirut,78758,4.5,30.3961942,-97.7279217
888,Honest Mary's,78759,4.5,30.39447,-97.74826
889,Roaring Fork,78759,4.0,30.40064,-97.73747
890,Baretto,78759,4.5,30.398676,-97.749059
891,Knotty Deck & Bar,78759,4.0,30.3916541687047,-97.7499180085005
892,Estância Brazilian Steakhouse,78759,4.0,30.39326497962,-97.7474884023912
893,Truluck's,78759,4.5,30.3952662489598,-97.7454305690891
894,Eddie V's Prime Seafood,78759,4.5,30.389393,-97.752657
895,Poke House,78759,4.5,30.4061981042147,-97.7463034540415
896,North By Northwest Restaurant & Brewery - Stonelake,78759,3.5,30.39065,-97.73754
897,Red's Porch,78759,4.0,30.400058,-97.739168
898,Modern Market Eatery,78759,4.0,30.395069,-97.749307
899,Haru Sushi - formerly known Hanabi,78759,4.5,30.38673,-97.74074
900,Twin Lion Chinese Restaurant,78759,4.0,30.40031,-97.74784
901,Brio Tuscan Grille,78759,3.5,30.3934578445392,-97.7480925085724
902,Fire Bowl Cafe,78759,3.5,30.39447,-97.74826
903,i Fratelli Pizza North - Austin,78759,4.5,30.392389069451,-97.745244987309
904,Newk's Eatery,78759,4.0,30.3951521427765,-97.7509877814021
905,Bombay Bistro,78759,4.0,30.398689499479,-97.7474199440414
906,Z-Tejas Southwestern Grill,78759,3.5,30.38934,-97.75211
907,Biryani & Co.,78759,4.5,30.40681,-97.74673
908,888 Pan Asian Restaurant,78741,4.0,30.2296193570823,-97.7299686863661
909,Patsy's Cafe,78741,3.5,30.21353,-97.72814
910,Catfish Parlour - South,78741,3.5,30.213827340768,-97.7312575791563
911,Crossroads Farm to Truck,78744,4.5,30.2111843383557,-97.7361989021301
912,Casa Vallarta,78744,4.0,30.2066289755201,-97.7182224020362
913,Het Say Vietnamese Kitchen,78741,4.5,30.23015,-97.73257
914,Vic's Bar-B-Que,78741,3.5,30.2164459228516,-97.734733581543
915,Taqueria Hugo,78744,5.0,30.2126188196541,-97.7306199073792
916,Smart Flour Foods,78744,4.5,30.2124977111816,-97.7427444458008
917,Onion Creek Grille,78744,3.0,30.2144718170166,-97.7506256103516
918,El Meson,78744,4.0,30.2077252417803,-97.7210504561663
919,Bella Donna Subs,78744,4.0,30.212978,-97.731313
920,La Hawaiina,78741,5.0,30.23118,-97.73331
921,Don Juan,78741,3.5,30.21599,-97.73561
922,Casa Moreno's,78744,3.0,30.2129595726728,-97.732041478157
923,Java Noodles,78741,3.5,30.229426,-97.729323
924,El Super Taco,78741,4.5,30.23059,-97.73346
925,V's Southeast Munchiez,73301,4.5,30.2200984954834,-97.7490463256836
926,Tacos 3 Mayes,78741,4.5,30.2275414163818,-97.7271853440799
927,Hai Ky,78741,3.5,30.230788,-97.735009
928,Fresko Eats,78752,5.0,30.336406890935,-97.7167392256561
929,Royal Jelly,78752,4.5,30.3391,-97.71703
930,Pappadeaux Seafood Kitchen,78752,4.0,30.3253,-97.70515
931,Lima Criolla,78752,4.0,30.3260568380981,-97.7076581067457
932,Vivo Austin,78752,4.0,30.3254085112821,-97.7085228255478
933,Taqueria Gardenia,78752,4.5,30.3341023,-97.7066095
934,Arpeggio Grill,78752,4.0,30.3309659,-97.7155318
935,Jang's Chimac Cafe,78752,4.0,30.3340600057404,-97.7164900302887
936,Chosun Korean BBQ,78752,3.5,30.329818,-97.706662
937,Cenote,78723,4.0,30.3204456874673,-97.6969876885414
938,Sushi Japon & Hibachi Grill,78752,3.5,30.3285468288254,-97.7053593099294
939,Pappasito's Cantina,78752,3.5,30.3268833125071,-97.7049401481323
940,Los Jaliscienses,78723,4.0,30.321597,-97.702373
941,Brazas Taco House,78752,4.5,30.33406,-97.7164899
942,ñoños tacos,78753,4.5,30.3480349675096,-97.7032811567187
943,Pollo Regio,78723,4.5,30.31959,-97.6889
944,Texture Food and Drink,78752,3.5,30.32613,-97.7044
945,Shanghai Restaurant,78752,3.5,30.3294153,-97.7066257
946,Aguilera's Mexican Restaurant,78752,4.0,30.3265,-97.69241
947,Tex-Mex Joe's,78752,4.0,30.344343,-97.714959
948,Ramen Tatsu-Ya,78702,4.5,30.26326,-97.72624
949,Little Big Burger,78702,4.5,30.26263,-97.7248
950,The Hightower,78702,4.0,30.264821,-97.729488
951,Revelry Kitchen + Bar,78702,4.5,30.2637173006037,-97.7277220894538
952,Boteco,78702,5.0,30.26431,-97.72789
953,Suerte,78702,4.0,30.26228,-97.72331
954,Juniper,78702,4.0,30.25486,-97.71762
955,Easy Tiger,78701,4.0,30.2658004760742,-97.7356872558594
956,Austin Taco Project,78701,4.0,30.26506,-97.73862
957,DEE DEE,78702,4.5,30.25901,-97.71445
958,Moonshine Patio Bar & Grill,78701,4.5,30.26386,-97.73796
959,Lazarus Brewing,78702,4.5,30.26169,-97.72204
960,Chi'Lantro,78702,5.0,30.26426,-97.73078
961,Launderette,78702,4.0,30.25193,-97.72273
962,Hi Hat Public House,78702,4.5,30.26023,-97.71893
963,Chicken Lollypop,78702,5.0,30.27412,-97.72018
964,Salt & Time,78702,3.5,30.26266,-97.72113
965,The Grub House,78701,4.5,30.2674408,-97.7368622
966,Pitchfork Pretty,78702,4.0,30.25343,-97.71351
967,Hot Mess,78702,4.5,30.26212,-97.72452
968,The Beer Plant,78703,4.0,30.2965180811856,-97.7678042803603
969,Hula Hut,78703,3.5,30.2947120806306,-97.7843958519819
970,Food Food,78703,4.0,30.3042316436768,-97.7640686035156
971,Abel's On the Lake,78703,2.5,30.29493,-97.78381
972,The Big Kahuna,78756,4.5,30.321166,-97.739538
973,Rabbit Food Grocery,78703,5.0,30.2976016,-97.7673076
974,Pinch,78705,4.5,30.2876780434401,-97.7427316687172
975,Ceviche7,78705,5.0,30.29634,-97.74139
976,All My Ex's,78705,5.0,30.29154,-97.74146
977,Maudie's Café,78703,3.5,30.28281,-97.77557
978,Longhorn Chicken,78705,4.0,30.29051,-97.74464
979,Hot Mess,78702,4.5,30.26212,-97.72452
980,Van's Banh Mi,78751,5.0,30.31739,-97.72109
981,The Halal Gurus,78704,4.5,30.2419105269154,-97.7595381896206
982,Rollin Smoke BBQ,78702,4.5,30.2628836718604,-97.7268981039445
983,Ramona's Hummus & Pita,78702,5.0,30.264299,-97.7277308
984,Banh Mi Ngon,78756,5.0,30.31497,-97.74143
985,Pecos Tacos,78701,4.5,30.2699521,-97.7501068
986,Thai Kruefha,78702,4.0,30.26914,-97.72843
987,Cedars Crepes,78705,5.0,30.290598060101,-97.7447474375367
988,Roaring Fork,78701,4.0,30.2691040039062,-97.7419586181641
989,Second Bar + Kitchen,78701,4.0,30.2645939290629,-97.7444895054345
990,Austin Taco Project,78701,4.0,30.26506,-97.73862
991,CAVA,78701,5.0,30.26721,-97.74296
992,Easy Tiger,78701,4.0,30.2658004760742,-97.7356872558594
993,Corner,78701,4.0,30.264545,-97.74329
994,Moonshine Patio Bar & Grill,78701,4.5,30.26386,-97.73796
995,Stella San Jac,78701,4.0,30.2665762751589,-97.740525726058
996,The Hightower,78702,4.0,30.264821,-97.729488
997,The Backspace,78701,4.0,30.26685,-97.74043
998,The Grub House,78701,4.5,30.2674408,-97.7368622
999,True Food Kitchen,78701,4.5,30.2672474,-97.7520856
1000,Gus's World Famous Fried Chicken,78701,4.0,30.2634862,-97.7417305
1001,"Truluck's Seafood, Steak and Crab House",78701,4.5,30.26683,-97.74502
1002,Ramen Tatsu-Ya,78702,4.5,30.26326,-97.72624
1003,Eureka!,78701,4.0,30.2678427491661,-97.7412401139736
1004,Swift's Attic,78701,4.0,30.26563,-97.74337
1005,Parkside,78701,4.0,30.2670631408691,-97.7403259277344
1006,Sophia's,78701,4.0,30.26955,-97.74751
1007,Red Ash,78701,4.0,30.26588,-97.744672
1008,Olive & June,78703,4.0,30.30726,-97.75113
1009,Hopfields,78705,4.0,30.2985538576336,-97.7409893637848
1010,Uchiko,78756,4.5,30.31067,-97.74
1011,CAVA,78705,4.5,30.2885622487397,-97.741684423978
1012,Freedmen's,78705,4.0,30.288439,-97.747897
1013,The Big Kahuna,78756,4.5,30.321166,-97.739538
1014,Don Japanese Kitchen,78705,4.5,30.29284,-97.7417399
1015,Sushi Hi,78705,4.5,30.296,-97.74264
1016,Guild,78756,3.5,30.3060027879118,-97.7431749925017
1017,Picnik,78756,4.5,30.3189735054924,-97.7391379775419
1018,Korean Komfort,78705,4.0,30.30093,-97.73895
1019,Stinson's,78756,4.0,30.3151275,-97.7417583
1020,Via 313 Pizza - North Campus,78705,4.5,30.2978794228869,-97.7415114110085
1021,Taqueria Anyeli,78705,5.0,30.30179,-97.744874
1022,Cabo Bob's Burritos,78705,4.5,30.295789,-97.7442669
1023,Ceviche7,78705,5.0,30.29634,-97.74139
1024,34th Street Cafe,78705,3.5,30.3026485443115,-97.7452239990234
1025,Vino Vino,78751,4.0,30.3069966,-97.7352997
1026,Black's BBQ,78705,4.0,30.29855,-97.74109
1027,Jewboy Burgers,78756,5.0,30.3212704266421,-97.739480091546
1028,Haru Ramen,78757,4.5,30.3547112891156,-97.7329172375578
1029,Brama Restaurant,78757,4.5,30.36622,-97.73872
1030,Jack Allen's Kitchen,78757,4.0,30.3612,-97.73943
1031,Barley Swine,78757,4.5,30.3412737661652,-97.7383886364151
1032,Hi Wings,78757,4.5,30.3552293403268,-97.7326987285584
1033,Nosh & Bevvy,78757,4.0,30.3654772101226,-97.7288885435165
1034,Wild Chix & Waffles,78757,4.0,30.3544629161613,-97.7323084687866
1035,Be More Pacific,78757,4.0,30.36068,-97.74139
1036,T22 Chicken Joint,78757,4.0,30.34801,-97.73535
1037,DeSano Pizzeria Napoletana,78757,4.5,30.35851,-97.73065
1038,Street,78731,4.0,30.35675,-97.74736
1039,Bartlett's,78757,4.0,30.3567047119141,-97.7312469482422
1040,Noori's Grill,78757,5.0,30.35679,-97.73269
1041,Cabo Bob's Burritos,78757,4.0,30.3601,-97.74075
1042,Hopdoddy Burger Bar,78757,4.0,30.357621,-97.733102
1043,Three Little Pigs,78757,4.5,30.340254,-97.738615
1044,SLAB BBQ & Beer,78758,4.5,30.3713101540255,-97.7246514312134
1045,Kiwami Ramen,78757,3.5,30.358733,-97.734482
1046,Yard Bar,78757,4.0,30.34303,-97.73921
1047,Dos Batos - Woodfired Tacos,78757,4.0,30.35692,-97.73525
1048,Roaring Fork,78701,4.0,30.2691040039062,-97.7419586181641
1049,Second Bar + Kitchen,78701,4.0,30.2645939290629,-97.7444895054345
1050,Austin Taco Project,78701,4.0,30.26506,-97.73862
1051,CAVA,78701,5.0,30.26721,-97.74296
1052,Easy Tiger,78701,4.0,30.2658004760742,-97.7356872558594
1053,Corner,78701,4.0,30.264545,-97.74329
1054,Moonshine Patio Bar & Grill,78701,4.5,30.26386,-97.73796
1055,Stella San Jac,78701,4.0,30.2665762751589,-97.740525726058
1056,The Hightower,78702,4.0,30.264821,-97.729488
1057,The Backspace,78701,4.0,30.26685,-97.74043
1058,The Grub House,78701,4.5,30.2674408,-97.7368622
1059,True Food Kitchen,78701,4.5,30.2672474,-97.7520856
1060,Gus's World Famous Fried Chicken,78701,4.0,30.2634862,-97.7417305
1061,"Truluck's Seafood, Steak and Crab House",78701,4.5,30.26683,-97.74502
1062,Ramen Tatsu-Ya,78702,4.5,30.26326,-97.72624
1063,Eureka!,78701,4.0,30.2678427491661,-97.7412401139736
1064,Swift's Attic,78701,4.0,30.26563,-97.74337
1065,Parkside,78701,4.0,30.2670631408691,-97.7403259277344
1066,Eddie V's Prime Seafood,78701,4.5,30.26613,-97.74058
1067,Sophia's,78701,4.0,30.26955,-97.74751
1068,Roaring Fork,78701,4.0,30.2691040039062,-97.7419586181641
1069,Second Bar + Kitchen,78701,4.0,30.2645939290629,-97.7444895054345
1070,Austin Taco Project,78701,4.0,30.26506,-97.73862
1071,CAVA,78701,5.0,30.26721,-97.74296
1072,Easy Tiger,78701,4.0,30.2658004760742,-97.7356872558594
1073,Corner,78701,4.0,30.264545,-97.74329
1074,Moonshine Patio Bar & Grill,78701,4.5,30.26386,-97.73796
1075,Stella San Jac,78701,4.0,30.2665762751589,-97.740525726058
1076,The Hightower,78702,4.0,30.264821,-97.729488
1077,The Backspace,78701,4.0,30.26685,-97.74043
1078,The Grub House,78701,4.5,30.2674408,-97.7368622
1079,True Food Kitchen,78701,4.5,30.2672474,-97.7520856
1080,Gus's World Famous Fried Chicken,78701,4.0,30.2634862,-97.7417305
1081,"Truluck's Seafood, Steak and Crab House",78701,4.5,30.26683,-97.74502
1082,Ramen Tatsu-Ya,78702,4.5,30.26326,-97.72624
1083,Eureka!,78701,4.0,30.2678427491661,-97.7412401139736
1084,Swift's Attic,78701,4.0,30.26563,-97.74337
1085,Parkside,78701,4.0,30.2670631408691,-97.7403259277344
1086,Sophia's,78701,4.0,30.26955,-97.74751
1087,Red Ash,78701,4.0,30.26588,-97.744672
1088,Roaring Fork,78701,4.0,30.2691040039062,-97.7419586181641
1089,Second Bar + Kitchen,78701,4.0,30.2645939290629,-97.7444895054345
1090,Austin Taco Project,78701,4.0,30.26506,-97.73862
1091,CAVA,78701,5.0,30.26721,-97.74296
1092,Easy Tiger,78701,4.0,30.2658004760742,-97.7356872558594
1093,Corner,78701,4.0,30.264545,-97.74329
1094,Moonshine Patio Bar & Grill,78701,4.5,30.26386,-97.73796
1095,Stella San Jac,78701,4.0,30.2665762751589,-97.740525726058
1096,The Hightower,78702,4.0,30.264821,-97.729488
1097,The Backspace,78701,4.0,30.26685,-97.74043
1098,The Grub House,78701,4.5,30.2674408,-97.7368622
1099,True Food Kitchen,78701,4.5,30.2672474,-97.7520856
1100,Gus's World Famous Fried Chicken,78701,4.0,30.2634862,-97.7417305
1101,"Truluck's Seafood, Steak and Crab House",78701,4.5,30.26683,-97.74502
1102,Ramen Tatsu-Ya,78702,4.5,30.26326,-97.72624
1103,Eureka!,78701,4.0,30.2678427491661,-97.7412401139736
1104,Swift's Attic,78701,4.0,30.26563,-97.74337
1105,Parkside,78701,4.0,30.2670631408691,-97.7403259277344
1106,Sophia's,78701,4.0,30.26955,-97.74751
1107,Red Ash,78701,4.0,30.26588,-97.744672
1108,Hideaway Kitchen & Bar,78744,4.5,30.21165,-97.75281
1109,Austin Rotisserie,78704,5.0,30.2274,-97.76272
1110,Jewhungry?,78704,5.0,30.22565,-97.76274
1111,Cabo Bob's Burritos,78704,4.5,30.2209809152295,-97.756928435967
1112,Soursop,78745,4.5,30.216,-97.76183
1113,The Limestone Kitchen Restaurant & Lounge,78744,3.5,30.210602,-97.753472
1114,888 Pan Asian Restaurant,78741,4.0,30.2296193570823,-97.7299686863661
1115,Onion Creek Grille,78744,3.0,30.2144718170166,-97.7506256103516
1116,Mi Cabana,78745,4.0,30.2149397134781,-97.7530357986689
1117,Poke-Poke,78704,4.0,30.2318,-97.75932
1118,Courson's BBQ,78704,4.5,30.2184207,-97.7577561
1119,Spokesman,78745,4.5,30.2164715,-97.7618791
1120,Toss Pizzeria & Pub,78704,4.0,30.2363363,-97.762862
1121,Texas Ranch BBQ,78704,4.5,30.22661,-97.76223
1122,Het Say Vietnamese Kitchen,78741,4.5,30.23015,-97.73257
1123,Smart Flour Foods,78744,4.5,30.2124977111816,-97.7427444458008
1124,V's Southeast Munchiez,73301,4.5,30.2200984954834,-97.7490463256836
1125,El Borrego De Oro,78704,4.0,30.2242723720297,-97.7634823322296
1126,Taste of Ethiopia,78704,4.5,30.2259650875173,-97.7619186684117
1127,Taqueria Lopez,78744,4.5,30.20252,-97.75236
1128,The Brewtorium Brewery & Kitchen,78752,4.5,30.3258884311273,-97.7175339123001
1129,Fresko Eats,78752,5.0,30.336406890935,-97.7167392256561
1130,Pappadeaux Seafood Kitchen,78752,4.0,30.3253,-97.70515
1131,Lima Criolla,78752,4.0,30.3260568380981,-97.7076581067457
1132,Royal Jelly,78752,4.5,30.3391,-97.71703
1133,Vivo Austin,78752,4.0,30.3254085112821,-97.7085228255478
1134,Chago's Caribbean Cuisine,78752,4.5,30.3402583550962,-97.7169592670936
1135,Taqueria Gardenia,78752,4.5,30.3341023,-97.7066095
1136,Sala and Betty,78751,4.5,30.31318,-97.71476
1137,Arpeggio Grill,78752,4.0,30.3309659,-97.7155318
1138,Cenote,78723,4.0,30.3204456874673,-97.6969876885414
1139,Los Jaliscienses,78723,4.0,30.321597,-97.702373
1140,Pappasito's Cantina,78752,3.5,30.3268833125071,-97.7049401481323
1141,Sushi Japon & Hibachi Grill,78752,3.5,30.3285468288254,-97.7053593099294
1142,Chosun Korean BBQ,78752,3.5,30.329818,-97.706662
1143,Turntable Eatery,78751,4.5,30.31281,-97.7150599
1144,Texture Food and Drink,78752,3.5,30.32613,-97.7044
1145,Jang's Chimac Cafe,78752,4.0,30.3340600057404,-97.7164900302887
1146,Pollo Regio,78723,4.5,30.31959,-97.6889
1147,Brazas Taco House,78752,4.5,30.33406,-97.7164899
1148,Salty Sow,78722,4.5,30.2836497259461,-97.7213180065155
1149,Roaring Fork,78701,4.0,30.2691040039062,-97.7419586181641
1150,Second Bar + Kitchen,78701,4.0,30.2645939290629,-97.7444895054345
1151,Easy Tiger,78701,4.0,30.2658004760742,-97.7356872558594
1152,CAVA,78701,5.0,30.26721,-97.74296
1153,Austin Taco Project,78701,4.0,30.26506,-97.73862
1154,Clay Pit,78701,4.0,30.279073,-97.74232
1155,The Hightower,78702,4.0,30.264821,-97.729488
1156,The Carillon,78705,4.5,30.2818694031,-97.7400357374344
1157,Corner,78701,4.0,30.264545,-97.74329
1158,True Food Kitchen,78701,4.5,30.2672474,-97.7520856
1159,Ramen Tatsu-Ya,78702,4.5,30.26326,-97.72624
1160,CAVA,78705,4.5,30.2885622487397,-97.741684423978
1161,Moonshine Patio Bar & Grill,78701,4.5,30.26386,-97.73796
1162,Stella San Jac,78701,4.0,30.2665762751589,-97.740525726058
1163,Sophia's,78701,4.0,30.26955,-97.74751
1164,The Grub House,78701,4.5,30.2674408,-97.7368622
1165,"Truluck's Seafood, Steak and Crab House",78701,4.5,30.26683,-97.74502
1166,The Backspace,78701,4.0,30.26685,-97.74043
1167,Fixe Austin's Southern House,78701,4.0,30.26853,-97.74773
1168,Roaring Fork,78701,4.0,30.2691040039062,-97.7419586181641
1169,Second Bar + Kitchen,78701,4.0,30.2645939290629,-97.7444895054345
1170,Easy Tiger,78701,4.0,30.2658004760742,-97.7356872558594
1171,CAVA,78701,5.0,30.26721,-97.74296
1172,Austin Taco Project,78701,4.0,30.26506,-97.73862
1173,Corner,78701,4.0,30.264545,-97.74329
1174,The Hightower,78702,4.0,30.264821,-97.729488
1175,Clay Pit,78701,4.0,30.279073,-97.74232
1176,True Food Kitchen,78701,4.5,30.2672474,-97.7520856
1177,Moonshine Patio Bar & Grill,78701,4.5,30.26386,-97.73796
1178,Stella San Jac,78701,4.0,30.2665762751589,-97.740525726058
1179,The Carillon,78705,4.5,30.2818694031,-97.7400357374344
1180,Sophia's,78701,4.0,30.26955,-97.74751
1181,The Grub House,78701,4.5,30.2674408,-97.7368622
1182,"Truluck's Seafood, Steak and Crab House",78701,4.5,30.26683,-97.74502
1183,The Backspace,78701,4.0,30.26685,-97.74043
1184,Fixe Austin's Southern House,78701,4.0,30.26853,-97.74773
1185,Gus's World Famous Fried Chicken,78701,4.0,30.2634862,-97.7417305
1186,CAVA,78705,4.5,30.2885622487397,-97.741684423978
1187,Eureka!,78701,4.0,30.2678427491661,-97.7412401139736
1188,Olive & June,78703,4.0,30.30726,-97.75113
1189,The Peached Tortilla,78756,4.0,30.33075,-97.74021
1190,The Big Kahuna,78756,4.5,30.321166,-97.739538
1191,Uchiko,78756,4.5,30.31067,-97.74
1192,Picnik,78756,4.5,30.3189735054924,-97.7391379775419
1193,Chi'Lantro,78756,4.0,30.3245593141276,-97.740055874205
1194,Jewboy Burgers,78756,5.0,30.3212704266421,-97.739480091546
1195,Stinson's,78756,4.0,30.3151275,-97.7417583
1196,Hopfields,78705,4.0,30.2985538576336,-97.7409893637848
1197,The Peached Tortilla,78756,4.0,30.3252124786377,-97.7383422851563
1198,Budare's Venezuelan Food,78756,4.5,30.32118,-97.7395
1199,Gusto Italian Kitchen & Wine Bar,78756,3.5,30.3183136593457,-97.7399416283112
1200,T-Loc's Sonora Hot Dogs,78756,5.0,30.3211689,-97.7395055
1201,Billy's on Burnet,78756,4.0,30.3220291137695,-97.7397613525391
1202,Brick Oven on 35th,78703,4.0,30.307613,-97.7509029
1203,Way South Philly Deli,78756,4.5,30.3243479175908,-97.7399788442358
1204,Sarah's Mediterranean Grill & Market,78756,4.0,30.32455,-97.740112
1205,The B's Kitchen -Vietnamese & Asian Cuisine,78756,5.0,30.3212623822948,-97.7399045298369
1206,Pinthouse Pizza,78756,4.0,30.3187905381179,-97.7391115483136
1207,Guild,78756,3.5,30.3060027879118,-97.7431749925017
1208,Olive & June,78703,4.0,30.30726,-97.75113
1209,Freedmen's,78705,4.0,30.288439,-97.747897
1210,Uchiko,78756,4.5,30.31067,-97.74
1211,CAVA,78705,4.5,30.2885622487397,-97.741684423978
1212,The Big Kahuna,78756,4.5,30.321166,-97.739538
1213,Hopfields,78705,4.0,30.2985538576336,-97.7409893637848
1214,The Beer Plant,78703,4.0,30.2965180811856,-97.7678042803603
1215,Don Japanese Kitchen,78705,4.5,30.29284,-97.7417399
1216,Stinson's,78756,4.0,30.3151275,-97.7417583
1217,Sushi Hi,78705,4.5,30.296,-97.74264
1218,Musashino Sushi Dokoro,78705,4.0,30.2980839,-97.7475817
1219,Cabo Bob's Burritos,78705,4.5,30.295789,-97.7442669
1220,Julie's Handmade Noodles,78705,4.0,30.290535,-97.744756
1221,Via 313 Pizza - North Campus,78705,4.5,30.2978794228869,-97.7415114110085
1222,Ceviche7,78705,5.0,30.29634,-97.74139
1223,Pinch,78705,4.5,30.2876780434401,-97.7427316687172
1224,Gusto Italian Kitchen & Wine Bar,78756,3.5,30.3183136593457,-97.7399416283112
1225,Hot Mess,78702,4.5,30.26212,-97.72452
1226,Billy's on Burnet,78756,4.0,30.3220291137695,-97.7397613525391
1227,Halal Bros,78705,4.0,30.2925128936768,-97.7416687011719
1228,Olive & June,78703,4.0,30.30726,-97.75113
1229,Freedmen's,78705,4.0,30.288439,-97.747897
1230,Uchiko,78756,4.5,30.31067,-97.74
1231,CAVA,78705,4.5,30.2885622487397,-97.741684423978
1232,The Big Kahuna,78756,4.5,30.321166,-97.739538
1233,Hopfields,78705,4.0,30.2985538576336,-97.7409893637848
1234,The Beer Plant,78703,4.0,30.2965180811856,-97.7678042803603
1235,Don Japanese Kitchen,78705,4.5,30.29284,-97.7417399
1236,Stinson's,78756,4.0,30.3151275,-97.7417583
1237,Sushi Hi,78705,4.5,30.296,-97.74264
1238,Musashino Sushi Dokoro,78705,4.0,30.2980839,-97.7475817
1239,Cabo Bob's Burritos,78705,4.5,30.295789,-97.7442669
1240,Julie's Handmade Noodles,78705,4.0,30.290535,-97.744756
1241,Via 313 Pizza - North Campus,78705,4.5,30.2978794228869,-97.7415114110085
1242,Ceviche7,78705,5.0,30.29634,-97.74139
1243,Pinch,78705,4.5,30.2876780434401,-97.7427316687172
1244,Gusto Italian Kitchen & Wine Bar,78756,3.5,30.3183136593457,-97.7399416283112
1245,Hot Mess,78702,4.5,30.26212,-97.72452
1246,Billy's on Burnet,78756,4.0,30.3220291137695,-97.7397613525391
1247,Halal Bros,78705,4.0,30.2925128936768,-97.7416687011719
1248,Roaring Fork,78701,4.0,30.2691040039062,-97.7419586181641
1249,Second Bar + Kitchen,78701,4.0,30.2645939290629,-97.7444895054345
1250,Austin Taco Project,78701,4.0,30.26506,-97.73862
1251,CAVA,78701,5.0,30.26721,-97.74296
1252,Easy Tiger,78701,4.0,30.2658004760742,-97.7356872558594
1253,Corner,78701,4.0,30.264545,-97.74329
1254,Moonshine Patio Bar & Grill,78701,4.5,30.26386,-97.73796
1255,Stella San Jac,78701,4.0,30.2665762751589,-97.740525726058
1256,The Hightower,78702,4.0,30.264821,-97.729488
1257,The Backspace,78701,4.0,30.26685,-97.74043
1258,The Grub House,78701,4.5,30.2674408,-97.7368622
1259,True Food Kitchen,78701,4.5,30.2672474,-97.7520856
1260,Gus's World Famous Fried Chicken,78701,4.0,30.2634862,-97.7417305
1261,"Truluck's Seafood, Steak and Crab House",78701,4.5,30.26683,-97.74502
1262,Ramen Tatsu-Ya,78702,4.5,30.26326,-97.72624
1263,Eureka!,78701,4.0,30.2678427491661,-97.7412401139736
1264,Swift's Attic,78701,4.0,30.26563,-97.74337
1265,Parkside,78701,4.0,30.2670631408691,-97.7403259277344
1266,Sophia's,78701,4.0,30.26955,-97.74751
1267,Red Ash,78701,4.0,30.26588,-97.744672
1268,Olive & June,78703,4.0,30.30726,-97.75113
1269,Freedmen's,78705,4.0,30.288439,-97.747897
1270,Uchiko,78756,4.5,30.31067,-97.74
1271,CAVA,78705,4.5,30.2885622487397,-97.741684423978
1272,The Big Kahuna,78756,4.5,30.321166,-97.739538
1273,Hopfields,78705,4.0,30.2985538576336,-97.7409893637848
1274,The Beer Plant,78703,4.0,30.2965180811856,-97.7678042803603
1275,Don Japanese Kitchen,78705,4.5,30.29284,-97.7417399
1276,Stinson's,78756,4.0,30.3151275,-97.7417583
1277,Sushi Hi,78705,4.5,30.296,-97.74264
1278,Musashino Sushi Dokoro,78705,4.0,30.2980839,-97.7475817
1279,Cabo Bob's Burritos,78705,4.5,30.295789,-97.7442669
1280,Julie's Handmade Noodles,78705,4.0,30.290535,-97.744756
1281,Via 313 Pizza - North Campus,78705,4.5,30.2978794228869,-97.7415114110085
1282,Ceviche7,78705,5.0,30.29634,-97.74139
1283,Pinch,78705,4.5,30.2876780434401,-97.7427316687172
1284,Gusto Italian Kitchen & Wine Bar,78756,3.5,30.3183136593457,-97.7399416283112
1285,Hot Mess,78702,4.5,30.26212,-97.72452
1286,Billy's on Burnet,78756,4.0,30.3220291137695,-97.7397613525391
1287,Halal Bros,78705,4.0,30.2925128936768,-97.7416687011719
1288,Olive & June,78703,4.0,30.30726,-97.75113
1289,Freedmen's,78705,4.0,30.288439,-97.747897
1290,Uchiko,78756,4.5,30.31067,-97.74
1291,CAVA,78705,4.5,30.2885622487397,-97.741684423978
1292,The Big Kahuna,78756,4.5,30.321166,-97.739538
1293,Hopfields,78705,4.0,30.2985538576336,-97.7409893637848
1294,The Beer Plant,78703,4.0,30.2965180811856,-97.7678042803603
1295,Don Japanese Kitchen,78705,4.5,30.29284,-97.7417399
1296,Stinson's,78756,4.0,30.3151275,-97.7417583
1297,Sushi Hi,78705,4.5,30.296,-97.74264
1298,Musashino Sushi Dokoro,78705,4.0,30.2980839,-97.7475817
1299,Cabo Bob's Burritos,78705,4.5,30.295789,-97.7442669
1300,Julie's Handmade Noodles,78705,4.0,30.290535,-97.744756
1301,Via 313 Pizza - North Campus,78705,4.5,30.2978794228869,-97.7415114110085
1302,Ceviche7,78705,5.0,30.29634,-97.74139
1303,Pinch,78705,4.5,30.2876780434401,-97.7427316687172
1304,Gusto Italian Kitchen & Wine Bar,78756,3.5,30.3183136593457,-97.7399416283112
1305,Hot Mess,78702,4.5,30.26212,-97.72452
1306,Billy's on Burnet,78756,4.0,30.3220291137695,-97.7397613525391
1307,Halal Bros,78705,4.0,30.2925128936768,-97.7416687011719
1308,Salty Sow,78722,4.5,30.2836497259461,-97.7213180065155
1309,Chicken Lollypop,78702,5.0,30.27412,-97.72018
1310,Ramen Tatsu-Ya,78702,4.5,30.26326,-97.72624
1311,The Hightower,78702,4.0,30.264821,-97.729488
1312,Boteco,78702,5.0,30.26431,-97.72789
1313,Easy Tiger,78701,4.0,30.2658004760742,-97.7356872558594
1314,Revelry Kitchen + Bar,78702,4.5,30.2637173006037,-97.7277220894538
1315,Little Big Burger,78702,4.5,30.26263,-97.7248
1316,8 Track,78722,4.5,30.28511,-97.71164
1317,Contigo,78723,4.0,30.28804,-97.70335
1318,Juniper,78702,4.0,30.25486,-97.71762
1319,Bird Bird Biscuit,78722,4.5,30.28492,-97.71398
1320,Suerte,78702,4.0,30.26228,-97.72331
1321,DEE DEE,78702,4.5,30.25901,-97.71445
1322,Patrizi's,78722,4.5,30.2839715080976,-97.7172101465576
1323,Chi'Lantro,78702,5.0,30.26426,-97.73078
1324,Discada,78702,4.5,30.2686025800296,-97.7246335521341
1325,A Touch of Soul,78702,5.0,30.274121,-97.720185
1326,Galloway's Sandwich Shop,78702,4.5,30.27398,-97.71937
1327,Big Easy Bar and Grill,78702,4.0,30.2738255,-97.7204771
1328,Olive & June,78703,4.0,30.30726,-97.75113
1329,Freedmen's,78705,4.0,30.288439,-97.747897
1330,Uchiko,78756,4.5,30.31067,-97.74
1331,CAVA,78705,4.5,30.2885622487397,-97.741684423978
1332,The Big Kahuna,78756,4.5,30.321166,-97.739538
1333,Hopfields,78705,4.0,30.2985538576336,-97.7409893637848
1334,The Beer Plant,78703,4.0,30.2965180811856,-97.7678042803603
1335,Don Japanese Kitchen,78705,4.5,30.29284,-97.7417399
1336,Stinson's,78756,4.0,30.3151275,-97.7417583
1337,Sushi Hi,78705,4.5,30.296,-97.74264
1338,Musashino Sushi Dokoro,78705,4.0,30.2980839,-97.7475817
1339,Cabo Bob's Burritos,78705,4.5,30.295789,-97.7442669
1340,Julie's Handmade Noodles,78705,4.0,30.290535,-97.744756
1341,Via 313 Pizza - North Campus,78705,4.5,30.2978794228869,-97.7415114110085
1342,Ceviche7,78705,5.0,30.29634,-97.74139
1343,Pinch,78705,4.5,30.2876780434401,-97.7427316687172
1344,Gusto Italian Kitchen & Wine Bar,78756,3.5,30.3183136593457,-97.7399416283112
1345,Hot Mess,78702,4.5,30.26212,-97.72452
1346,Billy's on Burnet,78756,4.0,30.3220291137695,-97.7397613525391
1347,Halal Bros,78705,4.0,30.2925128936768,-97.7416687011719
1348,Olive & June,78703,4.0,30.30726,-97.75113
1349,Freedmen's,78705,4.0,30.288439,-97.747897
1350,Uchiko,78756,4.5,30.31067,-97.74
1351,CAVA,78705,4.5,30.2885622487397,-97.741684423978
1352,The Big Kahuna,78756,4.5,30.321166,-97.739538
1353,Hopfields,78705,4.0,30.2985538576336,-97.7409893637848
1354,The Beer Plant,78703,4.0,30.2965180811856,-97.7678042803603
1355,Don Japanese Kitchen,78705,4.5,30.29284,-97.7417399
1356,Stinson's,78756,4.0,30.3151275,-97.7417583
1357,Sushi Hi,78705,4.5,30.296,-97.74264
1358,Musashino Sushi Dokoro,78705,4.0,30.2980839,-97.7475817
1359,Cabo Bob's Burritos,78705,4.5,30.295789,-97.7442669
1360,Julie's Handmade Noodles,78705,4.0,30.290535,-97.744756
1361,Via 313 Pizza - North Campus,78705,4.5,30.2978794228869,-97.7415114110085
1362,Ceviche7,78705,5.0,30.29634,-97.74139
1363,Pinch,78705,4.5,30.2876780434401,-97.7427316687172
1364,Gusto Italian Kitchen & Wine Bar,78756,3.5,30.3183136593457,-97.7399416283112
1365,Hot Mess,78702,4.5,30.26212,-97.72452
1366,Billy's on Burnet,78756,4.0,30.3220291137695,-97.7397613525391
1367,Halal Bros,78705,4.0,30.2925128936768,-97.7416687011719
1368,Olive & June,78703,4.0,30.30726,-97.75113
1369,Freedmen's,78705,4.0,30.288439,-97.747897
1370,Uchiko,78756,4.5,30.31067,-97.74
1371,CAVA,78705,4.5,30.2885622487397,-97.741684423978
1372,The Big Kahuna,78756,4.5,30.321166,-97.739538
1373,Hopfields,78705,4.0,30.2985538576336,-97.7409893637848
1374,The Beer Plant,78703,4.0,30.2965180811856,-97.7678042803603
1375,Don Japanese Kitchen,78705,4.5,30.29284,-97.7417399
1376,Stinson's,78756,4.0,30.3151275,-97.7417583
1377,Sushi Hi,78705,4.5,30.296,-97.74264
1378,Musashino Sushi Dokoro,78705,4.0,30.2980839,-97.7475817
1379,Cabo Bob's Burritos,78705,4.5,30.295789,-97.7442669
1380,Julie's Handmade Noodles,78705,4.0,30.290535,-97.744756
1381,Via 313 Pizza - North Campus,78705,4.5,30.2978794228869,-97.7415114110085
1382,Ceviche7,78705,5.0,30.29634,-97.74139
1383,Pinch,78705,4.5,30.2876780434401,-97.7427316687172
1384,Gusto Italian Kitchen & Wine Bar,78756,3.5,30.3183136593457,-97.7399416283112
1385,Hot Mess,78702,4.5,30.26212,-97.72452
1386,Billy's on Burnet,78756,4.0,30.3220291137695,-97.7397613525391
1387,Halal Bros,78705,4.0,30.2925128936768,-97.7416687011719
