,apartment Name,Zip code,Rating,latitude,longitude
0,Polaris on the Park,78741,4.5,30.2204501,-97.7445653
1,Easton Hills Apartments,78741,4.5,30.234663,-97.731773
2,The Oaks,78704,4.5,30.236872817929,-97.7570933147326
3,First Call Properties,78745,4.5,30.229017,-97.788482
4,Montecito,78741,2.0,30.22356,-97.74197
5,Establishment,78704,3.0,30.231029,-97.765576
6,Nu Edge Realty,78704,5.0,30.226017,-97.761842
7,Grace Woods,78741,2.5,30.2243626,-97.746238
8,Whisper Hollow,78741,3.0,30.222545,-97.742586
9,Burl North,78741,5.0,30.228074,-97.735073
10,Berkshire SoCo,78704,2.0,30.22519,-97.76192
11,Forest Creek Village Apts,78704,4.0,30.2284955277456,-97.7461077894409
12,Chandelier,78741,2.5,30.22801,-97.7329
13,Hillside Creek,78741,3.0,30.23292,-97.73739
14,South Congress Commons,78704,2.0,30.22886,-97.7621
15,The District at Soco,78704,3.0,30.236616,-97.751599
16,Algarita,78704,2.5,30.23674,-97.74197
17,Blunn Creek Apartments,78704,1.0,30.22538,-97.7521299
18,The Social Apartments,78741,2.0,30.230614,-97.736895
19,The Davis SoCo Apartments,78704,3.0,30.2256048470736,-97.7623779326677
20,SEVEN Apartments,78701,4.0,30.2705843,-97.7490549
21,21 Rio,78705,4.0,30.28428,-97.74473
22,The Ruckus,78705,4.5,30.2896217,-97.7433355
23,Residology Furnished Suites,78701,5.0,30.2707290649414,-97.7432250976563
24,The Beverly Apartments,78701,4.0,30.2696017,-97.7355447
25,The Millennium Rainey St,78701,4.5,30.2601661682129,-97.7379379272461
26,The Brown Building,78701,5.0,30.27011,-97.74364
27,Eleven by Windsor,78702,3.5,30.269297,-97.73195
28,AMLI Downtown,78701,4.0,30.2650869637728,-97.7465119957924
29,The Catherine,78704,4.0,30.2590325474739,-97.7471530437469
30,Congress Square Apartments,78704,5.0,30.2566871643066,-97.7482528686523
31,Skyloft,78705,2.5,30.2863256328722,-97.74350713366
32,Ashton Austin,78701,4.0,30.26371,-97.7457
33,West 24th Street Properties,78705,5.0,30.2888622283936,-97.752067565918
34,Villa Nueces,78705,5.0,30.28545,-97.74365
35,Park Terrace Apartments,78704,4.5,30.25949,-97.75662
36,Windsor on the Lake,78701,4.0,30.25613,-97.73941
37,Whitley Apartments,78701,3.5,30.2650137348354,-97.7422456350588
38,Indie,78702,5.0,30.26263,-97.7248
39,The Bowie,78703,3.5,30.2692966,-97.753153
40,7East Apartments,78702,4.0,30.2615966796875,-97.7198181152344
41,Alexan E6,78702,5.0,30.2596814358705,-97.7173832058907
42,Platform Apartments,78702,4.5,30.28114,-97.71041
43,Indie,78702,5.0,30.26263,-97.7248
44,Villas On Sixth,78702,5.0,30.26069,-97.72047
45,Philip Hitt- Austin Central Apartments,78702,5.0,30.26163,-97.71942
46,Eleven by Windsor,78702,3.5,30.269297,-97.73195
47,Eastside Station,78702,2.0,30.26085,-97.72514
48,The Arnold,78702,2.5,30.2625,-97.72514
49,AMLI Eastside,78702,3.5,30.2687554721133,-97.7312207221985
50,Corazon Apartments,78702,2.5,30.2643,-97.7323
51,Seville On 4th,78702,5.0,30.2615966796875,-97.7292633056641
52,Austin Craft Realty,78702,5.0,30.2607730606086,-97.7193087820373
53,Pauly Presley Realty,78702,5.0,30.2590447,-97.7153736
54,Nate Jones - Exp Realty,78759,5.0,30.263975,-97.717576
55,Benjamin Googins,78702,5.0,30.2603535,-97.7145152
56,Callie Gordon - Austin Insider,78702,5.0,30.26163,-97.71942
57,manage512,78702,5.0,30.2593537420034,-97.716089040041
58,Brett Ponds - Pauly Presley Realty,78702,5.0,30.2593002,-97.7160873
59,Rebecca Wilkins - Pauly Presley Realty,78702,5.0,30.2593,-97.7161
60,The Ruckus,78705,4.5,30.2896217,-97.7433355
61,Pressler Apartments,78703,3.5,30.2732874,-97.7603203
62,West 24th Street Properties,78705,5.0,30.2888622283936,-97.752067565918
63,21 Rio,78705,4.0,30.28428,-97.74473
64,Regents West at 26th,78705,4.5,30.29099,-97.74649
65,SEVEN Apartments,78701,4.0,30.2705843,-97.7490549
66,24 Flats Apartments,78703,3.5,30.2815644,-97.758077
67,5th Street Commons Apartments,78703,5.0,30.2739143371582,-97.7643127441406
68,Antilles Apartments,78703,3.5,30.2876682281494,-97.7661972045898
69,Skyloft,78705,2.5,30.2863256328722,-97.74350713366
70,The Boulevard at Town Lake Apartments,78703,4.0,30.280437,-97.773594
71,Tuscany Apartments,78703,4.0,30.2814236283302,-97.7582741528749
72,Villa Nueces,78705,5.0,30.28545,-97.74365
73,GrandMarc,78705,5.0,30.290935,-97.742379
74,Residology Furnished Suites,78701,5.0,30.2707290649414,-97.7432250976563
75,Mesquite Tree Apartments,78705,4.5,30.28926,-97.75117
76,AMLI Downtown,78701,4.0,30.2650869637728,-97.7465119957924
77,The Bowie,78703,3.5,30.2692966,-97.753153
78,2400 Nueces,78705,3.5,30.288408,-97.743446
79,The Westside Group,78703,2.5,30.2757669849791,-97.7635473669342
80,Windsor South Lamar,78704,4.5,30.25724,-97.76013
81,Tambaleo Apartments Austin,78704,5.0,30.2451591,-97.7637329
82,Lamar Union Apartments,78704,3.5,30.2560006,-97.7618308
83,The Oaks,78704,4.5,30.236872817929,-97.7570933147326
84,Gibson Flats Apartments,78704,4.0,30.2541356,-97.7617727
85,Park Terrace Apartments,78704,4.5,30.25949,-97.75662
86,Tree Apartments,78704,3.5,30.228925,-97.7667249
87,Four Park Place Apartments,78704,4.5,30.230168,-97.777859
88,Establishment,78704,3.0,30.231029,-97.765576
89,Oak Grove Apartments,78704,4.5,30.22979,-97.76679
90,The Villas at Southport,78704,4.0,30.232523,-97.780334
91,Del Curto Apartments,78704,5.0,30.246526,-97.775758
92,Post South Lamar,78704,2.5,30.2528099,-97.7644783
93,Congress Square Apartments,78704,5.0,30.2566871643066,-97.7482528686523
94,The Catherine,78704,4.0,30.2590325474739,-97.7471530437469
95,Bell South Lamar,78704,3.5,30.24411,-97.78107
96,Apartment Experts Apartment Locators,78704,4.5,30.251606,-97.766487
97,Fourth Street Apartments,78704,4.0,30.242965,-97.763969
98,Austin Cool Properties,78704,4.0,30.2429833,-97.7511712
99,Sundance Apartments,78704,5.0,30.22957,-97.77442
100,The Ruckus,78705,4.5,30.2896217,-97.7433355
101,Regents West at 26th,78705,4.5,30.29099,-97.74649
102,21 Rio,78705,4.0,30.28428,-97.74473
103,West 24th Street Properties,78705,5.0,30.2888622283936,-97.752067565918
104,GrandMarc,78705,5.0,30.290935,-97.742379
105,Skyloft,78705,2.5,30.2863256328722,-97.74350713366
106,Villa Nueces,78705,5.0,30.28545,-97.74365
107,2400 Nueces,78705,3.5,30.288408,-97.743446
108,Gables Central Park by Gables Residential,78705,3.5,30.3039708945304,-97.7400537721602
109,Mesquite Tree Apartments,78705,4.5,30.28926,-97.75117
110,The Corner,78705,1.0,30.2902,-97.74779
111,3401 At Red River,78705,4.0,30.2929,-97.72511
112,"NWI Enterprises, LLC",78705,5.0,30.296352,-97.735748
113,Oak Park Apartments,78751,3.5,30.30744,-97.72371
114,Residology Furnished Suites,78701,5.0,30.2707290649414,-97.7432250976563
115,New Guild Co-Op,78705,5.0,30.28679,-97.74347
116,Twenty Two 15,78705,2.5,30.2863928168082,-97.7444789219126
117,Viewpoint Apartments,78705,4.5,30.29105,-97.74938
118,26 West,78705,1.5,30.29111,-97.74346
119,24 Flats Apartments,78703,3.5,30.2815644,-97.758077
120,Gallery at Domain,78758,4.0,30.39699,-97.72109
121,Folio Apartments,78758,3.5,30.4005022806459,-97.7069939719348
122,Addison At Kramer Station,78758,4.0,30.39677,-97.718557
123,Northstar Apartments,78758,4.0,30.40196,-97.70176
124,Griffis North Austin,78758,3.0,30.4044,-97.70049
125,IMT @ the Domain,78758,3.0,30.39838,-97.72157
126,The Village at Gracy Farms Apartments,78758,2.5,30.4048917,-97.7118474
127,Ironhorse Flats,78758,3.5,30.3743215779882,-97.7173914622678
128,Trails of Walnut Creek,78758,2.5,30.394563,-97.705749
129,Lincoln Oaks Apartments,78758,2.0,30.396398,-97.706825
130,Madison At Walnut Creek,78758,2.5,30.40388,-97.69798
131,Bradford Pointe,78758,1.5,30.3964,-97.70517
132,Radius at the Domain Apartments,78758,2.5,30.40485,-97.7137
133,Twenty15,78758,2.5,30.40949,-97.69956
134,Edgecreek Apartments,78758,2.0,30.40666,-97.69769
135,Vida Apartment Homes,78758,1.5,30.3766215,-97.7114965
136,Brook Meadow Village Apartments,78758,1.0,30.380378,-97.712043
137,Villas De La Luz Apartments,78758,1.0,30.3732543,-97.7124106
138,The Duplexes At Walnut Creek,78758,2.5,30.40803,-97.69542
139,Stoneleigh Condominiums,78758,2.0,30.40172,-97.70817
140,Park at Monterey Oaks,78749,4.5,30.2311,-97.83871
141,The Preserve at Travis Creek Apartments,78735,3.5,30.2465929025585,-97.846394777298
142,Lantana Ridge by Gables Residential,78735,3.0,30.243721,-97.8628159
143,Nichols Park Apartment Homes,78749,4.0,30.216839,-97.853401
144,Monterey Ranch,78749,2.0,30.2334361,-97.8384039
145,Elegant Choice Realty,78749,5.0,30.2063503265381,-97.864860534668
146,Sedona Springs,78749,2.5,30.2286297,-97.8339972
147,Friedman Real Estate,78749,5.0,30.23372,-97.8471
148,Windsor Lantana Hills,78735,5.0,30.24888,-97.85988
149,Tony Elias - Realty Austin Broker Associate,78749,5.0,30.2196488,-97.8416446
150,Convict Hill Village,78749,2.0,30.2168483734131,-97.853401184082
151,Melissa Roberts-REALTOR,78749,5.0,30.2190170288086,-97.8425140380859
152,Khani Zulu - Realty Austin,78749,5.0,30.20635,-97.86486
153,Brien Silver - Realty Austin,78749,5.0,30.22135,-97.83949
154,Michelle Hendrix - Realty Austin,78749,5.0,30.2213497,-97.8394928
155,April Realty Services,78749,2.5,30.2274079570224,-97.8611971423626
156,Realty Austin - Southwest,78749,5.0,30.22135,-97.83949
157,The Reserve at Walnut Creek Apartments,78754,3.5,30.3329201,-97.664093
158,Creekstone Apartments,78754,2.5,30.3306702047021,-97.6659974455833
159,Promontory Point Apartments,78754,2.5,30.3306522369385,-97.6762619018555
160,Salado At Walnut Creek Apartments,78752,3.0,30.3300095,-97.6781693
161,9500,78754,3.0,30.3524646759033,-97.6759185791016
162,Anderson Springs,78752,1.0,30.3273620605469,-97.6793365478516
163,Penbrook Club Apartments,78723,5.0,30.322115,-97.680916
164,The Ruckus,78705,4.5,30.2896217,-97.7433355
165,21 Rio,78705,4.0,30.28428,-97.74473
166,SEVEN Apartments,78701,4.0,30.2705843,-97.7490549
167,Regents West at 26th,78705,4.5,30.29099,-97.74649
168,West 24th Street Properties,78705,5.0,30.2888622283936,-97.752067565918
169,Skyloft,78705,2.5,30.2863256328722,-97.74350713366
170,Eleven by Windsor,78702,3.5,30.269297,-97.73195
171,Villa Nueces,78705,5.0,30.28545,-97.74365
172,The Beverly Apartments,78701,4.0,30.2696017,-97.7355447
173,Residology Furnished Suites,78701,5.0,30.2707290649414,-97.7432250976563
174,GrandMarc,78705,5.0,30.290935,-97.742379
175,AMLI Downtown,78701,4.0,30.2650869637728,-97.7465119957924
176,The Brown Building,78701,5.0,30.27011,-97.74364
177,The Millennium Rainey St,78701,4.5,30.2601661682129,-97.7379379272461
178,2400 Nueces,78705,3.5,30.288408,-97.743446
179,Ashton Austin,78701,4.0,30.26371,-97.7457
180,The Bowie,78703,3.5,30.2692966,-97.753153
181,AMLI Eastside,78702,3.5,30.2687554721133,-97.7312207221985
182,Indie,78702,5.0,30.26263,-97.7248
183,Whitley Apartments,78701,3.5,30.2650137348354,-97.7422456350588
184,The Ruckus,78705,4.5,30.2896217,-97.7433355
185,21 Rio,78705,4.0,30.28428,-97.74473
186,Regents West at 26th,78705,4.5,30.29099,-97.74649
187,Skyloft,78705,2.5,30.2863256328722,-97.74350713366
188,West 24th Street Properties,78705,5.0,30.2888622283936,-97.752067565918
189,Villa Nueces,78705,5.0,30.28545,-97.74365
190,SEVEN Apartments,78701,4.0,30.2705843,-97.7490549
191,GrandMarc,78705,5.0,30.290935,-97.742379
192,Eleven by Windsor,78702,3.5,30.269297,-97.73195
193,The Beverly Apartments,78701,4.0,30.2696017,-97.7355447
194,Residology Furnished Suites,78701,5.0,30.2707290649414,-97.7432250976563
195,2400 Nueces,78705,3.5,30.288408,-97.743446
196,3401 At Red River,78705,4.0,30.2929,-97.72511
197,The Brown Building,78701,5.0,30.27011,-97.74364
198,New Guild Co-Op,78705,5.0,30.28679,-97.74347
199,Mesquite Tree Apartments,78705,4.5,30.28926,-97.75117
200,Twenty Two 15,78705,2.5,30.2863928168082,-97.7444789219126
201,Sabina Apartments,78705,3.0,30.292971,-97.722733
202,The Corner,78705,1.0,30.2902,-97.74779
203,AMLI Eastside,78702,3.5,30.2687554721133,-97.7312207221985
204,The Ruckus,78705,4.5,30.2896217,-97.7433355
205,21 Rio,78705,4.0,30.28428,-97.74473
206,SEVEN Apartments,78701,4.0,30.2705843,-97.7490549
207,Regents West at 26th,78705,4.5,30.29099,-97.74649
208,West 24th Street Properties,78705,5.0,30.2888622283936,-97.752067565918
209,Skyloft,78705,2.5,30.2863256328722,-97.74350713366
210,Villa Nueces,78705,5.0,30.28545,-97.74365
211,Residology Furnished Suites,78701,5.0,30.2707290649414,-97.7432250976563
212,Eleven by Windsor,78702,3.5,30.269297,-97.73195
213,The Beverly Apartments,78701,4.0,30.2696017,-97.7355447
214,GrandMarc,78705,5.0,30.290935,-97.742379
215,AMLI Downtown,78701,4.0,30.2650869637728,-97.7465119957924
216,The Brown Building,78701,5.0,30.27011,-97.74364
217,2400 Nueces,78705,3.5,30.288408,-97.743446
218,Indie,78702,5.0,30.26263,-97.7248
219,Ashton Austin,78701,4.0,30.26371,-97.7457
220,Mesquite Tree Apartments,78705,4.5,30.28926,-97.75117
221,The Bowie,78703,3.5,30.2692966,-97.753153
222,New Guild Co-Op,78705,5.0,30.28679,-97.74347
223,Twenty Two 15,78705,2.5,30.2863928168082,-97.7444789219126
224,West 24th Street Properties,78705,5.0,30.2888622283936,-97.752067565918
225,Antilles Apartments,78703,3.5,30.2876682281494,-97.7661972045898
226,The Boulevard at Town Lake Apartments,78703,4.0,30.280437,-97.773594
227,24 Flats Apartments,78703,3.5,30.2815644,-97.758077
228,Mesquite Tree Apartments,78705,4.5,30.28926,-97.75117
229,Residology Furnished Suites,78701,5.0,30.2707290649414,-97.7432250976563
230,Tuscany Apartments,78703,4.0,30.2814236283302,-97.7582741528749
231,ATX Properties,78703,5.0,30.2897141349507,-97.7714801154987
232,Viewpoint Apartments,78705,4.5,30.29105,-97.74938
233,Spring Oaks Apartments,78703,0.0,30.28085,-97.77188
234,Nu Edge Realty,78704,5.0,30.226017,-97.761842
235,Philip Hitt- Austin Central Apartments,78702,5.0,30.26163,-97.71942
236,Agave Properties,78705,2.5,30.2915328,-97.7688358
237,Joseph Companies,78763,5.0,30.29731,-97.76676
238,Jake Joseph - Cityscape Property Group,78703,5.0,30.27823,-97.75843
239,Lorrain Apartments,78703,1.0,30.2810978135974,-97.7554731006709
240,Miller Properties,78705,3.5,30.300672,-97.734531
241,State Street Properties,78703,4.0,30.308896,-97.754792
242,Axis West Campus,78705,2.0,30.290188,-97.750268
243,Ballou Properties,78705,5.0,30.3029760964429,-97.7461347306885
244,Tramor at the Oaks,78745,4.5,30.21674,-97.796
245,Trillium Terrace Apartments,78745,5.0,30.20723,-97.80618
246,The Enclave,78745,3.5,30.20966,-97.786507
247,Canvas Apartments,78745,4.0,30.19741,-97.78988
248,Tramor at Cannon Place,78745,5.0,30.201414764675,-97.7996710315347
249,Cannon South Apartments,78745,5.0,30.192892074585,-97.7807388305664
250,Tramor at Hunters Glen,78745,3.5,30.20939,-97.80683
251,Southland Apartments,78745,3.5,30.203326,-97.809472
252,The Arts Apartments at Turtle Creek,78745,3.0,30.205105,-97.783528
253,Club at Summer Valley,78745,1.5,30.198508,-97.789207
254,Arya Apartments,78745,1.0,30.21637,-97.79744
255,The Reserve,78745,3.0,30.21066,-97.78581
256,Seay Family Investments,78715,1.0,30.21,-97.8
257,Bella Real Estate,78745,4.0,30.204954,-97.811907
258,Ben Porter Photography,78745,4.5,30.20363,-97.78589
259,Palm Gardens,78745,5.0,30.226673,-97.782495
260,Cheshire Garden Apartments,78745,1.0,30.2028465270996,-97.8087997436523
261,Sienna Properties,78748,2.5,30.1848851,-97.8172026
262,Flagstone Terrace Condominums,78745,1.0,30.20874,-97.81738
263,Lynx Property Services,78741,3.0,30.249,-97.73524
264,WATERS at Barton Creek,78746,4.5,30.26626,-97.78542
265,Cliffs At Barton Creek,78746,3.0,30.25886,-97.801643
266,Barton Creek Landing,78746,3.0,30.2563,-97.79599
267,Landmark at Barton Creek Apartment Homes,78746,2.0,30.2578728,-97.79194
268,Post Barton Creek,78746,3.5,30.258395487833,-97.7945756777573
269,Skyline at Barton Creek,78746,2.0,30.26123,-97.78668
270,The Woods On Barton Skyway,78746,2.5,30.2584906,-97.7890547
271,Residology Furnished Suites,78701,5.0,30.2707290649414,-97.7432250976563
272,Great Pumpkin Properties,78746,4.0,30.27498,-97.79903
273,Nu Edge Realty,78704,5.0,30.226017,-97.761842
274,Knippa Properties,78716,5.0,30.2730463382523,-97.7986731951065
275,Tom Kim - Austin Real Estate,78746,5.0,30.2720883,-97.7983477
276,Jason Bernknopf - AustinRealEstate.com,78746,5.0,30.27226,-97.79821
277,Philip Hitt- Austin Central Apartments,78702,5.0,30.26163,-97.71942
278,Patrick Eitel,78746,5.0,30.25938,-97.79349
279,Rollingwood Management,78746,4.0,30.27482,-97.80303
280,Lori Nickels - Engel & Volkers,78746,5.0,30.28013,-97.80646
281,Monica Pizanie -  Engel & Volkers,78746,5.0,30.2803592,-97.8064781
282,Austin Investments,78746,1.0,30.28382,-97.78622
283,Cathy Zakutney - Keller Williams Realty,78746,5.0,30.2595296,-97.7935404
284,95Twenty Apartments,78717,4.5,30.4816129658024,-97.7674746337025
285,Griffis Parmer Lane,78717,4.0,30.48958477771,-97.7727236605743
286,Sycamore Springs,78717,3.0,30.48686,-97.77173
287,The Michael at Presidio by Gables Residential,78717,4.5,30.4807605743408,-97.7890014648438
288,The Ranch,78717,2.0,30.47931,-97.76545
289,The Royal Luxury Apartments,78717,2.0,30.4765,-97.77467
290,Ventana Oaks Apartments,78717,2.5,30.4816143214703,-97.7668967843056
291,David Lee Morris - Realty Austin,78717,5.0,30.4985277042599,-97.773154391771
292,Les Hanvey - Realty Austin,78717,5.0,30.4969711303711,-97.7743377685547
293,Realty Austin - Northwest,78717,5.0,30.4975562,-97.7737763
294,Mendy Clark - Simply Violet Real Estate,78613,5.0,30.47716,-97.8152
295,Simple Search Apartments,78717,5.0,30.4816143214703,-97.7668967843056
296,Spyglass Realty & Investments,78704,4.5,30.2487822,-97.7728717
297,Don Powers - Blink Homes & Realty Mueller,78703,5.0,30.2783152,-97.7538577
298,Gallery at Domain,78758,4.0,30.39699,-97.72109
299,Folio Apartments,78758,3.5,30.4005022806459,-97.7069939719348
300,Addison At Kramer Station,78758,4.0,30.39677,-97.718557
301,Northstar Apartments,78758,4.0,30.40196,-97.70176
302,Griffis North Austin,78758,3.0,30.4044,-97.70049
303,IMT @ the Domain,78758,3.0,30.39838,-97.72157
304,The Village at Gracy Farms Apartments,78758,2.5,30.4048917,-97.7118474
305,Ironhorse Flats,78758,3.5,30.3743215779882,-97.7173914622678
306,Trails of Walnut Creek,78758,2.5,30.394563,-97.705749
307,Lincoln Oaks Apartments,78758,2.0,30.396398,-97.706825
308,Madison At Walnut Creek,78758,2.5,30.40388,-97.69798
309,Bradford Pointe,78758,1.5,30.3964,-97.70517
310,Radius at the Domain Apartments,78758,2.5,30.40485,-97.7137
311,Twenty15,78758,2.5,30.40949,-97.69956
312,Edgecreek Apartments,78758,2.0,30.40666,-97.69769
313,Vida Apartment Homes,78758,1.5,30.3766215,-97.7114965
314,Brook Meadow Village Apartments,78758,1.0,30.380378,-97.712043
315,Villas De La Luz Apartments,78758,1.0,30.3732543,-97.7124106
316,The Duplexes At Walnut Creek,78758,2.5,30.40803,-97.69542
317,Stoneleigh Condominiums,78758,2.0,30.40172,-97.70817
318,Nu Edge Realty,78704,5.0,30.226017,-97.761842
319,Residology Furnished Suites,78701,5.0,30.2707290649414,-97.7432250976563
320,Philip Hitt- Austin Central Apartments,78702,5.0,30.26163,-97.71942
321,Austin Luxury Realty,78704,5.0,30.2301491909451,-97.744310348999
322,Austin Craft Realty,78702,5.0,30.2607730606086,-97.7193087820373
323,Pauly Presley Realty,78702,5.0,30.2590447,-97.7153736
324,Miller Properties,78705,3.5,30.300672,-97.734531
325,manage512,78702,5.0,30.2593537420034,-97.716089040041
326,Goodlife Realty,78702,4.5,30.26012,-97.73269
327,"James Ang, Realtor",78722,5.0,30.267153,-97.7430608
328,Deb Meyer - All City Real Estate,78746,5.0,30.266944,-97.742778
329,Brett Ponds - Pauly Presley Realty,78702,5.0,30.2593002,-97.7160873
330,Apartment Locator Pierre Megie,78758,5.0,30.4177437,-97.7002716
331,Great Pumpkin Properties,78746,4.0,30.27498,-97.79903
332,Kristina Pearson RealtorÂ® | GRI,78701,5.0,30.2640158,-97.7457657
333,Lauren Yoder - Spyglass Realty & Investments,78704,5.0,30.24883,-97.77295
334,Richard Olesch,78723,5.0,30.290662,-97.6981702
335,Ballou Properties,78705,5.0,30.3029760964429,-97.7461347306885
336,512 Living,78705,1.5,30.288562,-97.745006
337,Ananda Ford-Realtor,78701,5.0,30.27073,-97.74322
338,Marquis at Ladera Vista,78759,3.5,30.4174605756998,-97.750361636281
339,Riata,78727,3.0,30.429102,-97.74745
340,Urban North Apartments,78729,5.0,30.43809,-97.77072
341,Austin Apartments - 1st Month Free,78759,5.0,30.42778,-97.75951
342,IMT Residences at Riata,78727,4.5,30.43498,-97.74076
343,HomePlace Apartment Search,78759,4.5,30.428628,-97.760269
344,Alister Balcones,78729,4.0,30.44081,-97.77409
345,Northland at the Arboretum,78759,3.0,30.4139756,-97.7478714
346,Keystone,78759,3.0,30.4166793823242,-97.744140625
347,SoNA,78729,3.5,30.43824,-97.76807
348,Summer Grove Apartment Homes,78729,3.0,30.43788,-97.76878
349,Museo,78759,2.5,30.410621,-97.752519
350,Shadow Oaks,78759,3.0,30.42922,-97.76433
351,Peach Blossom Properties,78759,4.5,30.421062,-97.7544099
352,Madison At Stone Creek Apartments,78729,2.5,30.43935,-97.75905
353,Colonial Village At Quarry Oaks,78729,2.0,30.44039,-97.74713
354,Wind River Crossing,78759,1.0,30.411543,-97.74419
355,High Oaks Apartments,78759,2.0,30.405597,-97.748822
356,Channings Mark,78759,1.5,30.4105758666992,-97.7550048828125
357,Apartments Express,78759,5.0,30.428466,-97.759182
358,Fort Branch at Truman's Landing,78721,2.0,30.27837,-97.67127
359,Platform Apartments,78702,4.5,30.28114,-97.71041
360,Elan East Apartments,78722,3.0,30.28589,-97.71033
361,SYNC at Mueller,78723,4.0,30.29987,-97.70708
362,AMLI at Mueller,78723,4.0,30.2968928060794,-97.7002935423279
363,Mosaic at Mueller Luxury Apartments,78723,3.0,30.29891,-97.70818
364,AMLI on Aldrich,78723,4.5,30.30082,-97.70335
365,3401 At Red River,78705,4.0,30.2929,-97.72511
366,Overture Mueller,78723,3.5,30.3019744240097,-97.7003362895492
367,Wildflower Terrace,78723,3.5,30.290374104092,-97.6985299365826
368,Sabina Apartments,78705,3.0,30.292971,-97.722733
369,Tanglewood North Apartments,78751,4.0,30.304371,-97.716952
370,Volume Apartments,78722,2.0,30.2850009,-97.7153836
371,Delwood Station Apartments,78722,2.5,30.294373,-97.716721
372,Aldrich 51 Apartments,78723,5.0,30.3040771274319,-97.7016299306838
373,Eastside Commons,78722,1.5,30.2841873168945,-97.7166290283203
374,Marq Uptown,78705,3.5,30.2915927,-97.7233327
375,M Station,78702,1.5,30.2832872001906,-97.7079521635275
376,Wilshire West Apartments,78722,2.0,30.301388,-97.713483
377,River Oaks Apartments,78705,2.5,30.2894956239296,-97.7275139093399
378,Century Square Apartments,78705,1.0,30.2929,-97.72511
379,AMLI on Aldrich,78723,4.5,30.30082,-97.70335
380,SYNC at Mueller,78723,4.0,30.29987,-97.70708
381,Overture Mueller,78723,3.5,30.3019744240097,-97.7003362895492
382,AMLI at Mueller,78723,4.0,30.2968928060794,-97.7002935423279
383,The Heritage At Hillcrest Apartments,78723,4.0,30.311755,-97.7052462
384,Mueller Square,78723,3.5,30.297195,-97.686948
385,Mosaic at Mueller Luxury Apartments,78723,3.0,30.29891,-97.70818
386,Aldrich 51 Apartments,78723,5.0,30.3040771274319,-97.7016299306838
387,Mueller Place Apartments,78723,2.5,30.31066,-97.68829
388,Menlo at Mueller,78723,4.0,30.32081,-97.68711
389,Wildflower Terrace,78723,3.5,30.290374104092,-97.6985299365826
390,Tanglewood North Apartments,78751,4.0,30.304371,-97.716952
391,Mueller Flats Apartments,78723,1.0,30.3187926348101,-97.7034980851806
392,Delwood Station Apartments,78722,2.5,30.294373,-97.716721
393,Cameron Greens Apartments,78723,2.0,30.3155193328857,-97.7029037475586
394,Wilshire West Apartments,78722,2.0,30.301388,-97.713483
395,District 53,78751,2.5,30.3163224061339,-97.7169665562352
396,Pavillion Apartments,78723,1.0,30.3189163208008,-97.6876983642578
397,Violet Crown Realty,78751,5.0,30.3104553222656,-97.7124404907227
398,Realty Austin - East,78723,5.0,30.2905691,-97.6983944
399,Eagles Landing Apartments,78724,1.0,30.30833,-97.6236
400,Abelia Flats,78726,4.0,30.41946,-97.84318
401,Nolina Flats,78726,4.0,30.414517,-97.845477
402,Sonterra Apartment Homes,78726,3.0,30.4275608,-97.8429108
403,Colonial Grand at Canyon Creek,78726,2.5,30.4345926,-97.8394699
404,The Verandah at Grandview Hills,78726,2.5,30.42654,-97.84727
405,620 Canyon Creek,78726,2.5,30.4267692262916,-97.8469848632812
406,Griffis Canyon Creek,78726,3.0,30.4378541956478,-97.8362523740967
407,Colonial Grand at Canyon Pointe,78726,3.5,30.43689,-97.8384899
408,Alara Canyon Creek Apartments,78726,2.0,30.41946,-97.84318
409,Ashton Woods Homes,78726,1.5,30.430956,-97.846741
410,Alara Cantebrea Crossing Apartments,78726,2.5,30.414517,-97.845477
411,Avendaro,78726,1.0,30.4380741119385,-97.8374786376953
412,Waters Park,78727,3.5,30.42254,-97.70908
413,San Marin Apartments,78759,3.5,30.410965,-97.723339
414,Mesa Verde Apartments,78759,3.0,30.409484,-97.718051
415,Villas at Stone Oak Ranch,78727,3.5,30.43506,-97.72966
416,The Monterra,78727,3.0,30.4386076160963,-97.7333879980473
417,The Barrington At Park Place,78759,2.5,30.4104964216301,-97.716367401575
418,The Lodge at Stone Oak Ranch,78727,2.5,30.4365565110127,-97.733517917625
419,Highline Apartments,78727,2.5,30.4373474,-97.7315941
420,Apartment Pros,78758,5.0,30.41727,-97.70401
421,The Springs Garden Homes,78727,3.0,30.4144363850355,-97.7354988455772
422,The Real Group - Keller Williams Realty,78759,5.0,30.4311864,-97.7517878
423,Hunt Club Austin,78728,2.0,30.453927,-97.68346
424,The Nine on Shoreline,78728,2.5,30.45599,-97.68587
425,33 Hundred Apartments,78728,3.5,30.44099,-97.69528
426,Colonial Grand At Wells Branch,78728,2.5,30.4420959,-97.6705713
427,Broadstone Travesia,78728,3.5,30.46946,-97.68847
428,The Mansions at Travesia - Closed,78728,3.0,30.4682536,-97.6882056
429,Marquis at Shoreline,78728,2.5,30.4559898,-97.6858673
430,Hyde Park at Wells Branch,78728,3.0,30.44082,-97.6896
431,Milan,78728,2.5,30.44036,-97.67244
432,Preserve Wells Branch,78728,2.0,30.4353430818225,-97.673234940644
433,Parkside Crossing,78728,2.0,30.45564,-97.68459
434,Cottages At Wells Branch,78728,2.5,30.44313,-97.6941
435,Aura,78728,2.0,30.4409999847412,-97.6952896118164
436,The Park At Wells Branch,78728,1.0,30.44819,-97.68301
437,The Lakes at Renaissance Park Apartments,78728,2.5,30.43671,-97.68611
438,Preserve at Rolling Oaks by Cortland,78728,1.5,30.43902,-97.67922
439,Ridgecrest Apartment Homes,78728,2.0,30.440029,-97.693733
440,Apartment Locator Pierre Megie,78758,5.0,30.4177437,-97.7002716
441,The Lodge At Merrilltown,78728,3.0,30.4490965604782,-97.6933023333549
442,Affinity at Wells Branch,78728,2.0,30.4360942840576,-97.6716156005859
443,Parkside Apartments,78729,4.5,30.4504928588867,-97.7826309204102
444,Bexley at Anderson Mill,78729,3.5,30.454153,-97.76773
445,Villages at Turtle Rock Apartments,78729,3.0,30.4513083163746,-97.7749274227192
446,Urban North Apartments,78729,5.0,30.43809,-97.77072
447,Elan Apartment Homes,78750,4.0,30.442115,-97.778252
448,Toscana Apartments,78750,3.5,30.4491367340088,-97.786506652832
449,Alister Balcones,78729,4.0,30.44081,-97.77409
450,The Hendrix Apartments,78729,1.5,30.4579455133664,-97.7878823876381
451,SoNA,78729,3.5,30.43824,-97.76807
452,Summer Grove Apartment Homes,78729,3.0,30.43788,-97.76878
453,Balcones Club,78750,3.0,30.44207,-97.78585
454,Laurel Woods,78750,3.5,30.43589,-97.77673
455,The Artisan Luxury Apartment Homes,78729,2.0,30.467925,-97.762223
456,Spicewood Springs Apartments,78759,3.0,30.434415,-97.775526
457,Polo Club,78729,2.5,30.44434,-97.77467
458,The Flats on San Felipe,78729,3.0,30.43854,-97.76905
459,Hunter's Chase,78729,1.5,30.44227,-97.77054
460,Terrazzo Apartments,78759,3.0,30.43221,-97.77685
461,Madison At Stone Creek Apartments,78729,2.5,30.43935,-97.75905
462,Springs at Lakeline,78729,3.5,30.4684670954527,-97.7705660682208
463,Somerset Townhomes,78713,4.0,30.34967,-97.75083
464,The Ridge Apartments,78731,3.5,30.35053,-97.75466
465,AMLI 5350,78756,4.0,30.3272995520778,-97.7399806134224
466,Westdale Pointe,78731,2.0,30.3545025,-97.7523727
467,Kensington Green Apts,78756,3.0,30.32679,-97.74128
468,Acacia Cliffs,78731,2.0,30.35576,-97.75452
469,Northhills Flats,78731,2.5,30.35093,-97.75574
470,The Grove at Northwest Hills,78731,1.0,30.34922,-97.755
471,Austin City Living,78731,4.0,30.3404,-97.75561
472,Post Park Mesa,78731,2.0,30.3434059,-97.7709669
473,Westdale Parke,78731,1.5,30.357,-97.75189
474,Avistar,78731,2.0,30.356364,-97.750042
475,Mara Macon - JB Goodwin Realtors,78759,5.0,30.3349161,-97.7565172
476,The Marye Company,78731,4.5,30.33785,-97.75932
477,TRE Homes,78731,2.5,30.33616,-97.7574099
478,Treaty Oak Property Management,78731,4.5,30.353453,-97.7494951
479,Prime Properties,78731,3.0,30.3411,-97.75517
480,JoAnna King,78731,5.0,30.3369255,-97.7566833
481,The Rosedale,78756,1.5,30.32478,-97.74122
482,One Austin Realty,78731,4.5,30.3397775,-97.7560164
483,Meritage at Steiner Ranch,78732,1.5,30.383169,-97.879667
484,Bell Steiner Ranch,78732,2.5,30.38364,-97.87401
485,Nest Properties Austin,78732,5.0,30.37422,-97.8927
486,Oberg Properties,78734,4.0,30.3515612,-97.9625092
487,KVA,78733,3.0,30.33082,-97.88426
488,Oldham Group | Keller Williams Realty,78746,5.0,30.2602788,-97.7938356
489,Travis At The Lake,78734,5.0,30.39722,-97.92583
490,Hanover Oak Hill,78735,5.0,30.2486216155298,-97.860659314771
491,The Preserve at Travis Creek Apartments,78735,3.5,30.2465929025585,-97.846394777298
492,Park at Monterey Oaks,78749,4.5,30.2311,-97.83871
493,Lantana Hills Apartments,78735,4.5,30.2525251260423,-97.8727171803566
494,Lantana Ridge by Gables Residential,78735,3.0,30.243721,-97.8628159
495,Pearl Lantana,78735,3.0,30.2507205,-97.858808
496,Camden Gaines Ranch,78735,3.5,30.2573497,-97.8612767
497,The Santal,78735,3.5,30.260335,-97.860259
498,Monterey Ranch,78749,2.0,30.2334361,-97.8384039
499,Windsor Lantana Hills,78735,5.0,30.24888,-97.85988
500,Friedman Real Estate,78749,5.0,30.23372,-97.8471
501,Liz Busch Austin Realtor,78746,5.0,30.2593403,-97.7933731
502,Fox Hill Apartments,78736,2.0,30.23388,-97.91742
503,Estates at Bee Cave,78738,3.0,30.3204326,-97.9570294
504,Madrone,78738,3.5,30.3252255,-97.9583126
505,Avanti Hills At the Galleria,78738,2.5,30.30975,-97.9367199
506,Cielo Apartments,78738,2.5,30.3255481719971,-97.9555511474609
507,Paseo At Bee Cave Apartments by Cortland,78738,3.0,30.3036955,-97.9338916
508,Will Garrison,78738,5.0,30.30735,-97.93882
509,"Scott and Martha Bowles, Realtors",78738,5.0,30.30925,-97.93874
510,Residology Furnished Suites,78701,5.0,30.2707290649414,-97.7432250976563
511,Nu Edge Realty,78704,5.0,30.226017,-97.761842
512,Apartments Here! Free Apartment Locators,78759,5.0,30.403638,-97.7447503
513,Reilly Realtors,78738,5.0,30.309364,-97.938809
514,American Campus Communities,78738,1.0,30.3085024891773,-97.9388882578804
515,Oberg Properties,78734,4.0,30.3515612,-97.9625092
516,Eanes Properties,78738,4.5,30.2966026,-97.9701846
517,Philip Hitt- Austin Central Apartments,78702,5.0,30.26163,-97.71942
518,Real Estate with Beck at United Real Estate - Amanda Beck,78734,5.0,30.3652913,-97.9507107
519,Tara Rich - KW Lake Travis  Keller Williams Realty,78734,5.0,30.3468360900879,-97.9757690429688
520,Apartment Locator Pierre Megie,78758,5.0,30.4177437,-97.7002716
521,KVA,78733,3.0,30.33082,-97.88426
522,Kim Wilkin,78746,5.0,30.311542,-97.817173
523,Goltz Home Properties,78749,2.0,30.204223,-97.883888
524,Don Powers - Blink Homes & Realty Mueller,78703,5.0,30.2783152,-97.7538577
525,Link Apartments,78741,4.0,30.238176,-97.723046
526,Wildcreek Apartments,78741,4.0,30.2352295,-97.7126236
527,TRIO Apartments,78741,3.0,30.2293693,-97.7257315
528,Azul Lakeshore Apartments,78741,4.5,30.2438976796972,-97.7224673018524
529,Easton Hills Apartments,78741,4.5,30.234663,-97.731773
530,South Shore District Apartments,78741,3.0,30.2431818300283,-97.7271967381239
531,The Aspect by Cortland,78741,2.5,30.22321,-97.72145
532,First Call Properties,78745,4.5,30.229017,-97.788482
533,Treehouse Apartments,78741,2.0,30.2228275,-97.7258414
534,Ellie Apartments,78741,3.0,30.22088,-97.72579
535,AMLI South Shore,78741,3.5,30.245206,-97.730077
536,Hawthorne at the District,78741,2.5,30.22801,-97.71848
537,Chandelier,78741,2.5,30.22801,-97.7329
538,Verde Apartments,78741,2.0,30.22874,-97.72228
539,Paradise Oaks Apartments,78741,5.0,30.23455,-97.71379
540,The Ballpark North,78741,2.0,30.2375285,-97.7172516
541,Hillside Place,78741,1.5,30.2306,-97.71831
542,Mesh Apartments,78741,2.0,30.24109,-97.72587
543,Burl North,78741,5.0,30.228074,-97.735073
544,University Estates,78741,2.5,30.2381038665771,-97.7132415771484
545,Woodway Village Apartments,78744,2.0,30.200122,-97.735775
546,Rosemont at Williamson Creek,78744,1.0,30.2057,-97.73819
547,Rosemont At Williamson Creek,78744,1.0,30.2057,-97.73819
548,Tramor at the Oaks,78745,4.5,30.21674,-97.796
549,The Enclave,78745,3.5,30.20966,-97.786507
550,Canvas Apartments,78745,4.0,30.19741,-97.78988
551,Trillium Terrace Apartments,78745,5.0,30.20723,-97.80618
552,Tramor at Cannon Place,78745,5.0,30.201414764675,-97.7996710315347
553,Cannon South Apartments,78745,5.0,30.192892074585,-97.7807388305664
554,The Arts Apartments at Turtle Creek,78745,3.0,30.205105,-97.783528
555,Southland Apartments,78745,3.5,30.203326,-97.809472
556,Club at Summer Valley,78745,1.5,30.198508,-97.789207
557,Tramor at Hunters Glen,78745,3.5,30.20939,-97.80683
558,Terrain Apartments,78745,3.0,30.21385,-97.77863
559,The Reserve,78745,3.0,30.21066,-97.78581
560,Arya Apartments,78745,1.0,30.21637,-97.79744
561,Palm Gardens,78745,5.0,30.226673,-97.782495
562,Ben Porter Photography,78745,4.5,30.20363,-97.78589
563,Bella Real Estate,78745,4.0,30.204954,-97.811907
564,Seay Family Investments,78715,1.0,30.21,-97.8
565,Soco Apartments,78745,4.0,30.1985,-97.77745
566,Cheshire Garden Apartments,78745,1.0,30.2028465270996,-97.8087997436523
567,Rebecca Azari - Austin Home Group,78746,5.0,30.2647705078125,-97.7871627807617
568,Residology Furnished Suites,78701,5.0,30.2707290649414,-97.7432250976563
569,Nu Edge Realty,78704,5.0,30.226017,-97.761842
570,Great Pumpkin Properties,78746,4.0,30.27498,-97.79903
571,Lori Nickels - Engel & Volkers,78746,5.0,30.28013,-97.80646
572,Monica Pizanie -  Engel & Volkers,78746,5.0,30.2803592,-97.8064781
573,Marissa Holmes -JB Goodwin Realtors,78746,5.0,30.27278,-97.81702
574,Fine Austin Living,78746,3.5,30.28499,-97.81176
575,Philip Hitt- Austin Central Apartments,78702,5.0,30.26163,-97.71942
576,Apartments Here! Free Apartment Locators,78759,5.0,30.403638,-97.7447503
577,Wesley James Steck II - JB Goodwin Realtors,78746,5.0,30.27278,-97.81702
578,Knippa Properties,78716,5.0,30.2730463382523,-97.7986731951065
579,Jamie Novak Homes,78746,5.0,30.279995,-97.806458
580,Ashley Austin Homes,78746,5.0,30.2879602,-97.8263844
581,Tom Kim - Austin Real Estate,78746,5.0,30.2720883,-97.7983477
582,Austin Nest Seekers,78746,1.0,30.2772884523085,-97.8089226597012
583,Nick Adrignola - Walzel Properties,78746,5.0,30.26353,-97.78684
584,Jason Bernknopf - AustinRealEstate.com,78746,5.0,30.27226,-97.79821
585,Patrick Eitel,78746,5.0,30.25938,-97.79349
586,Rollingwood Management,78746,4.0,30.27482,-97.80303
587,Miller Properties,78705,3.5,30.300672,-97.734531
588,Iron Rock Ranch,78748,2.5,30.1736608,-97.8147424
589,The Cove at Saddlecreek Apartments,78748,3.0,30.16286277771,-97.8280944824219
590,Camden Shadow Brook,78748,3.0,30.17158,-97.80502
591,The Atlantic Grand Oaks,78748,2.0,30.17879,-97.8201168134918
592,Landmark at Prescott Woods Apartment Homes,78748,2.5,30.1798665,-97.8366719
593,Crossing Apartment Homes,78748,3.0,30.178472,-97.819396
594,Judy Willey - United Real Estate,78748,5.0,30.1732241,-97.8298224
595,Sienna Properties,78748,2.5,30.1848851,-97.8172026
596,Verde Shadowbrook Phase II,78748,1.0,30.17158,-97.80502
597,Foundation Communities Trails At the Park,78748,1.0,30.17384,-97.8062999
598,ERA Bettinger Realtors,78748,2.0,30.1761087,-97.8233566
599,The Brodie Apartments,78745,4.0,30.19699,-97.84159
600,Legacy At Western Oaks,78749,3.0,30.20635,-97.8648599
601,Nichols Park Apartment Homes,78749,4.0,30.216839,-97.853401
602,Camden Stoneleigh,78749,3.5,30.20525,-97.85925
603,The Villages of Bella Vista,78745,2.5,30.19863,-97.8395199
604,Ridgeview,78745,3.0,30.199029,-97.84044
605,Elegant Choice Realty,78749,5.0,30.2063503265381,-97.864860534668
606,Convict Hill Village,78749,2.0,30.2168483734131,-97.853401184082
607,Khani Zulu - Realty Austin,78749,5.0,30.20635,-97.86486
608,Tony Elias - Realty Austin Broker Associate,78749,5.0,30.2196488,-97.8416446
609,Melissa Roberts-REALTOR,78749,5.0,30.2190170288086,-97.8425140380859
610,Brien Silver - Realty Austin,78749,5.0,30.22135,-97.83949
611,Michelle Hendrix - Realty Austin,78749,5.0,30.2213497,-97.8394928
612,Realty Austin - Southwest,78749,5.0,30.22135,-97.83949
613,April Realty Services,78749,2.5,30.2274079570224,-97.8611971423626
614,Ananda Ford-Realtor,78701,5.0,30.27073,-97.74322
615,Toscana Apartments,78750,3.5,30.4491367340088,-97.786506652832
616,Parkside Apartments,78729,4.5,30.4504928588867,-97.7826309204102
617,The Hendrix Apartments,78729,1.5,30.4579455133664,-97.7878823876381
618,Chesapeake Apartments,78750,3.0,30.4538955688477,-97.7979736328125
619,Balcones Club,78750,3.0,30.44207,-97.78585
620,Lake Creek Apartments,78750,2.0,30.45475,-97.80558
621,The Meadows Apartments,78750,4.5,30.4598407745361,-97.7995758056641
622,Westwood Apartments,78750,1.5,30.4567461206698,-97.7961388975382
623,Stone Oak Property Management,78750,4.5,30.449634,-97.789661
624,Citywide Realty Northwest,78729,3.0,30.449634,-97.789657
625,Tenex Properties,78750,3.5,30.4595268,-97.7942924
626,Stetson Property Management,78750,4.5,30.4595967,-97.7948439
627,Austin Absolute Realty,78750,5.0,30.4595967,-97.7948439
628,Central Metro Realty & Locating,78750,4.5,30.449687,-97.789428
629,Austin Remodeling & Creative Design,78750,1.0,30.46017,-97.79622
630,Tara Rich - KW Lake Travis  Keller Williams Realty,78734,5.0,30.3468360900879,-97.9757690429688
631,Camden Lamar Heights Apartments,78751,4.0,30.322543,-97.729428
632,Tia Rose Park Apartments,78751,4.5,30.3123993,-97.7307644
633,Oak Park Apartments,78751,3.5,30.30744,-97.72371
634,West Koenig Flats Apartment Homes,78751,4.0,30.3218218486721,-97.7189502865076
635,Avesta Lamar Station,78751,4.5,30.31978,-97.7305499
636,Waller Creekside on 51st,78751,3.5,30.3158589,-97.7232713
637,SYNC at Mueller,78723,4.0,30.29987,-97.70708
638,The Heritage At Hillcrest Apartments,78723,4.0,30.311755,-97.7052462
639,Tanglewood North Apartments,78751,4.0,30.304371,-97.716952
640,Echo,78751,3.5,30.3145879,-97.7361285
641,Chelsea On Lamar Apartments,78751,4.0,30.3195129,-97.7317612
642,AMLI 5350,78756,4.0,30.3272995520778,-97.7399806134224
643,Mosaic at Mueller Luxury Apartments,78723,3.0,30.29891,-97.70818
644,Infinity Residences at the Triangle,78751,2.5,30.3149223511468,-97.7326848012509
645,Elan Parkside Apartments,78752,5.0,30.3239209662788,-97.7135922852112
646,3401 At Red River,78705,4.0,30.2929,-97.72511
647,Gables Central Park by Gables Residential,78705,3.5,30.3039708945304,-97.7400537721602
648,The PARKER,78751,2.0,30.319522857666,-97.7319717407227
649,4312 Speedway Apartments,78751,4.0,30.30744,-97.72955
650,108 Place Apartments,78751,2.5,30.30901,-97.7288
651,Magnolia Court Apartments,78752,4.0,30.3239996731281,-97.6977346837521
652,MacKenzie Pointe Apartments,78752,4.5,30.3255157470703,-97.6990737915039
653,West Koenig Flats Apartment Homes,78751,4.0,30.3218218486721,-97.7189502865076
654,Cameron Villas,78752,4.5,30.330758,-97.691523
655,Elan Parkside Apartments,78752,5.0,30.3239209662788,-97.7135922852112
656,Midtown Flats,78752,3.5,30.3383,-97.71603
657,Towne Oaks II Apartments,78753,5.0,30.34334,-97.69987
658,Villas of La Costa,78752,4.0,30.3266258239746,-97.7011642456055
659,Austin Parke Apartments,78752,2.5,30.346492767334,-97.7074203491211
660,Argosy at Crestview,78757,3.5,30.3370609283447,-97.7222595214844
661,Midtown Commons at Crestview Station - Phase I,78752,3.0,30.33996,-97.71862
662,Crestview Commons,78752,5.0,30.3416648,-97.7182981
663,Central Park II Apartments,78752,4.0,30.3292045593262,-97.7248382568359
664,Mueller Flats Apartments,78723,1.0,30.3187926348101,-97.7034980851806
665,The Joplin at Crestview Apartments,78752,2.5,30.34056,-97.71577
666,Towne Oaks I Apartments,78752,4.5,30.3419170379639,-97.701530456543
667,Georgian Hills Apartments,78753,5.0,30.34554,-97.70381
668,Saint John's Square Apartments,78752,1.0,30.3349323272705,-97.7073211669922
669,Apartment Shop,78752,5.0,30.3365650177002,-97.71923828125
670,Vue,78752,1.0,30.3332416,-97.692206
671,Lotus Village Apartments,78753,2.0,30.37632,-97.6851
672,Village at Collinwood,78753,3.5,30.37111,-97.67474
673,On the Green Apartments,78753,3.0,30.392334,-97.679905
674,Pebble Creek Apartments,78753,1.0,30.35019,-97.68785
675,Northchase Apartments,78753,3.0,30.3626174926758,-97.6944198608398
676,Mira Vista Apartments,78753,1.0,30.3595691662061,-97.6850149780512
677,Copper Mill Apartments,78753,1.0,30.36939,-97.69508
678,Longspur Crossing Apartments,78753,1.5,30.36568,-97.69355
679,Longbranch Apartments,78753,1.0,30.3698863983154,-97.6904449462891
680,Cricket Hollow Apartments,78753,2.0,30.3780681444915,-97.6724883913994
681,The Ivy,78753,3.0,30.3585,-97.69996
682,The Villas of Quail Creek,78753,1.0,30.3618812561035,-97.6996612548828
683,Aubry Hills Apartments,78753,1.0,30.35875,-97.69971
684,Village at Collinwood,78753,3.5,30.37111,-97.67474
685,9500,78754,3.0,30.3524646759033,-97.6759185791016
686,Northwest Hills,78731,4.0,30.3585,-97.75079
687,Somerset Townhomes,78713,4.0,30.34967,-97.75083
688,The Ridge Apartments,78731,3.5,30.35053,-97.75466
689,Juniper Springs,78731,3.5,30.3585532434665,-97.7483912710251
690,Austin Midtown Apartments,78757,4.0,30.3563327789307,-97.7381820678711
691,The Place at Terracina Apartments,78759,3.5,30.3652904,-97.7447646
692,Westdale Pointe,78731,2.0,30.3545025,-97.7523727
693,Acacia Cliffs,78731,2.0,30.35576,-97.75452
694,Greystone Flats,78731,2.0,30.35851,-97.75041
695,Westdale Parke,78731,1.5,30.357,-97.75189
696,Avistar,78731,2.0,30.356364,-97.750042
697,Northhills Flats,78731,2.5,30.35093,-97.75574
698,Le Montreaux,78759,3.5,30.36919,-97.745552
699,The Grove at Northwest Hills,78731,1.0,30.34922,-97.755
700,Marq on Burnet,78757,3.0,30.34264,-97.738
701,Treaty Oak Property Management,78731,4.5,30.353453,-97.7494951
702,Westdale Creek Apartments,78731,1.5,30.3616343,-97.7503181
703,Village Christian Apartments,78757,5.0,30.36077,-97.73604
704,Arabella,78757,1.5,30.370548,-97.737175
705,Post Park Mesa,78731,2.0,30.3434059,-97.7709669
706,Camden Lamar Heights Apartments,78751,4.0,30.322543,-97.729428
707,Tia Rose Park Apartments,78751,4.5,30.3123993,-97.7307644
708,Avesta Lamar Station,78751,4.5,30.31978,-97.7305499
709,AMLI 5350,78756,4.0,30.3272995520778,-97.7399806134224
710,Burnet Flats Luxury Apartments,78756,3.5,30.33001,-97.73949
711,Echo,78751,3.5,30.3145879,-97.7361285
712,Chelsea On Lamar Apartments,78751,4.0,30.3195129,-97.7317612
713,Oak Creek Apartments,78756,4.0,30.32708,-97.73654
714,Infinity Residences at the Triangle,78751,2.5,30.3149223511468,-97.7326848012509
715,Kensington Green Apts,78756,3.0,30.32679,-97.74128
716,The PARKER,78751,2.0,30.319522857666,-97.7319717407227
717,Central Park II Apartments,78752,4.0,30.3292045593262,-97.7248382568359
718,Oak Park Apartments,78751,3.5,30.30744,-97.72371
719,Waller Creekside on 51st,78751,3.5,30.3158589,-97.7232713
720,Gables Central Park by Gables Residential,78705,3.5,30.3039708945304,-97.7400537721602
721,Post West Austin,78731,2.5,30.3192486,-97.7549921
722,Le Med,78756,4.0,30.3092208,-97.7435813
723,Argosy at Crestview,78757,3.5,30.3370609283447,-97.7222595214844
724,Jef Hahl - Allure Real Estate,78756,5.0,30.3199221,-97.7383593
725,Guadalupe Macro House,78751,5.0,30.3219680786133,-97.725212097168
726,Austin Midtown Apartments,78757,4.0,30.3563327789307,-97.7381820678711
727,The Place at Terracina Apartments,78759,3.5,30.3652904,-97.7447646
728,ATX North,78757,2.5,30.35463,-97.72824
729,Juniper Springs,78731,3.5,30.3585532434665,-97.7483912710251
730,Rockwood Apartments,78757,4.5,30.36877,-97.72956
731,Abbey Road Apartments,78757,3.5,30.36503,-97.73003
732,The Allandale Condos,78757,2.0,30.354254,-97.735688
733,Shoal Creek North Apartments,78757,3.0,30.37206,-97.736595
734,Argosy at Crestview,78757,3.5,30.3370609283447,-97.7222595214844
735,Marq on Burnet,78757,3.0,30.34264,-97.738
736,Midtown Commons at Crestview Station - Phase I,78752,3.0,30.33996,-97.71862
737,Crestview Commons,78752,5.0,30.3416648,-97.7182981
738,Village Christian Apartments,78757,5.0,30.36077,-97.73604
739,Le Montreaux,78759,3.5,30.36919,-97.745552
740,Midtown Flats,78752,3.5,30.3383,-97.71603
741,Greystone Flats,78731,2.0,30.35851,-97.75041
742,Woodchase Apartments,78757,3.0,30.36683,-97.730047
743,The Joplin at Crestview Apartments,78752,2.5,30.34056,-97.71577
744,Arabella,78757,1.5,30.370548,-97.737175
745,High Fidelity Properties,78766,5.0,30.35464,-97.73627
746,Gallery at Domain,78758,4.0,30.39699,-97.72109
747,Addison At Kramer Station,78758,4.0,30.39677,-97.718557
748,Folio Apartments,78758,3.5,30.4005022806459,-97.7069939719348
749,Northstar Apartments,78758,4.0,30.40196,-97.70176
750,Ironhorse Flats,78758,3.5,30.3743215779882,-97.7173914622678
751,IMT @ the Domain,78758,3.0,30.39838,-97.72157
752,The Kenzie at The Domain Apartments,78758,2.5,30.3995041,-97.7235185
753,Villages at the Domain,78758,2.5,30.3963957218244,-97.7261304995616
754,Residences at the Domain,78758,2.5,30.4003857772897,-97.7251803874969
755,ExecuStay,78758,1.0,30.4003522,-97.7251021
756,Vida Apartment Homes,78758,1.5,30.3766215,-97.7114965
757,Lincoln Oaks Apartments,78758,2.0,30.396398,-97.706825
758,Northgate Hills,78758,1.5,30.3702507,-97.7171707
759,Runnymede Apartments,78758,1.0,30.3669300079346,-97.7026977539062
760,Trails of Walnut Creek,78758,2.5,30.394563,-97.705749
761,Brook Meadow Village Apartments,78758,1.0,30.380378,-97.712043
762,Villas De La Luz Apartments,78758,1.0,30.3732543,-97.7124106
763,Bradford Pointe,78758,1.5,30.3964,-97.70517
764,A Country Place Apartments,78758,2.0,30.37022,-97.70029
765,Copper Mill Apartments,78753,1.0,30.36939,-97.69508
766,Tramor at the Arboretum,78759,4.5,30.392573,-97.755952
767,Hardrock Canyon Apartments,78759,4.0,30.39701,-97.7500699
768,Arboretum Oaks,78759,4.5,30.39443,-97.75389
769,Ascent Arboretum,78759,4.0,30.39255,-97.73832
770,Tramor at the Hills,78759,4.0,30.389802,-97.75846
771,Apartments Here! Free Apartment Locators,78759,5.0,30.403638,-97.7447503
772,Arboretum at Stonelake,78759,3.5,30.3884370193446,-97.7382021223204
773,Marquis at Great Hills,78759,3.0,30.3944988250732,-97.7418518066406
774,The Estate On Quarry Lake Apartments,78759,2.0,30.402819,-97.741773
775,Northland at the Arboretum,78759,3.0,30.4139756,-97.7478714
776,Evolve@Arboretum,78759,3.0,30.386801,-97.745938
777,High Oaks Apartments,78759,2.0,30.405597,-97.748822
778,Village Oaks Apartments,78759,2.0,30.40363,-97.74814
779,Museo,78759,2.5,30.410621,-97.752519
780,Great Hills Apartments,78759,2.0,30.4049014937017,-97.7519863843918
781,Hills Apartments,78759,4.0,30.389802,-97.75846
782,The Falls On Bull Creek,78759,1.5,30.38551,-97.762508
783,Wind River Crossing,78759,1.0,30.411543,-97.74419
784,Balcones Woods,78759,1.5,30.40855,-97.74454
785,A Plus Apartment Locators,78759,4.5,30.40681,-97.74673
786,Polaris on the Park,78741,4.5,30.2204501,-97.7445653
787,TRIO Apartments,78741,3.0,30.2293693,-97.7257315
788,First Call Properties,78745,4.5,30.229017,-97.788482
789,Treehouse Apartments,78741,2.0,30.2228275,-97.7258414
790,Ellie Apartments,78741,3.0,30.22088,-97.72579
791,The Aspect by Cortland,78741,2.5,30.22321,-97.72145
792,Montecito,78741,2.0,30.22356,-97.74197
793,Chandelier,78741,2.5,30.22801,-97.7329
794,Burl North,78741,5.0,30.228074,-97.735073
795,Ron Jon the Apartment Mon,78760,5.0,30.21322,-97.73255
796,Whisper Hollow,78741,3.0,30.222545,-97.742586
797,Grace Woods,78741,2.5,30.2243626,-97.746238
798,Forest Creek Village Apts,78704,4.0,30.2284955277456,-97.7461077894409
799,Treehouse Apartments,78741,1.5,30.2235,-97.72533
800,Woodway Village Apartments,78744,2.0,30.200122,-97.735775
801,The Social Apartments,78741,2.0,30.230614,-97.736895
802,Connection,78741,1.5,30.2271952093211,-97.7260836920655
803,Verde Apartments,78741,2.0,30.22874,-97.72228
804,Shawn LaFountain - Real Estate Agent,78741,5.0,30.2177524,-97.733933
805,Hawthorne at the District,78741,2.5,30.22801,-97.71848
806,Magnolia Court Apartments,78752,4.0,30.3239996731281,-97.6977346837521
807,Cameron Villas,78752,4.5,30.330758,-97.691523
808,MacKenzie Pointe Apartments,78752,4.5,30.3255157470703,-97.6990737915039
809,Towne Oaks II Apartments,78753,5.0,30.34334,-97.69987
810,Villas of La Costa,78752,4.0,30.3266258239746,-97.7011642456055
811,Menlo at Mueller,78723,4.0,30.32081,-97.68711
812,Elan Parkside Apartments,78752,5.0,30.3239209662788,-97.7135922852112
813,Austin Parke Apartments,78752,2.5,30.346492767334,-97.7074203491211
814,Vue,78752,1.0,30.3332416,-97.692206
815,Midtown Flats,78752,3.5,30.3383,-97.71603
816,Mueller Flats Apartments,78723,1.0,30.3187926348101,-97.7034980851806
817,Wildwood Apartments,78752,1.5,30.3315296173096,-97.6887512207031
818,Towne Oaks I Apartments,78752,4.5,30.3419170379639,-97.701530456543
819,Georgian Hills Apartments,78753,5.0,30.34554,-97.70381
820,The Joplin at Crestview Apartments,78752,2.5,30.34056,-97.71577
821,Chevy Chase Apartments,78752,3.0,30.3396724909544,-97.7048264443874
822,Remington House,78753,1.0,30.3495,-97.69666
823,Saint John's Square Apartments,78752,1.0,30.3349323272705,-97.7073211669922
824,Garden Path Apartment's,78753,1.0,30.343881,-97.701599
825,Cameron Greens Apartments,78723,2.0,30.3155193328857,-97.7029037475586
826,7East Apartments,78702,4.0,30.2615966796875,-97.7198181152344
827,Alexan E6,78702,5.0,30.2596814358705,-97.7173832058907
828,Indie,78702,5.0,30.26263,-97.7248
829,Villas On Sixth,78702,5.0,30.26069,-97.72047
830,The Millennium Rainey St,78701,4.5,30.2601661682129,-97.7379379272461
831,Eleven by Windsor,78702,3.5,30.269297,-97.73195
832,Azul Lakeshore Apartments,78741,4.5,30.2438976796972,-97.7224673018524
833,Eastside Station,78702,2.0,30.26085,-97.72514
834,Philip Hitt- Austin Central Apartments,78702,5.0,30.26163,-97.71942
835,The Beverly Apartments,78701,4.0,30.2696017,-97.7355447
836,The Arnold,78702,2.5,30.2625,-97.72514
837,Windsor on the Lake,78701,4.0,30.25613,-97.73941
838,AMLI South Shore,78741,3.5,30.245206,-97.730077
839,RiverView,78741,3.5,30.248298,-97.734504
840,Corazon Apartments,78702,2.5,30.2643,-97.7323
841,AMLI Eastside,78702,3.5,30.2687554721133,-97.7312207221985
842,SkyHouse Austin,78701,3.5,30.2575333333333,-97.739105
843,Seville On 4th,78702,5.0,30.2615966796875,-97.7292633056641
844,Waterfront Condos,78798,4.0,30.2448872476816,-97.7274126559496
845,Austin Craft Realty,78702,5.0,30.2607730606086,-97.7193087820373
846,West 24th Street Properties,78705,5.0,30.2888622283936,-97.752067565918
847,Antilles Apartments,78703,3.5,30.2876682281494,-97.7661972045898
848,Residology Furnished Suites,78701,5.0,30.2707290649414,-97.7432250976563
849,ATX Properties,78703,5.0,30.2897141349507,-97.7714801154987
850,Joseph Companies,78763,5.0,30.29731,-97.76676
851,Nu Edge Realty,78704,5.0,30.226017,-97.761842
852,Philip Hitt- Austin Central Apartments,78702,5.0,30.26163,-97.71942
853,Agave Properties,78705,2.5,30.2915328,-97.7688358
854,Jake Joseph - Cityscape Property Group,78703,5.0,30.27823,-97.75843
855,State Street Properties,78703,4.0,30.308896,-97.754792
856,Miller Properties,78705,3.5,30.300672,-97.734531
857,Ballou Properties,78705,5.0,30.3029760964429,-97.7461347306885
858,Rob Hewlett Realty Management,78763,1.0,30.2970352172852,-97.7669906616211
859,Stewart Lane - Strub Residential,78756,5.0,30.3107499,-97.741753
860,Rose Stilwell- eXp Realty,78705,5.0,30.28523,-97.75278
861,Jef Hahl - Allure Real Estate,78756,5.0,30.3199221,-97.7383593
862,Austin Investments,78746,1.0,30.28382,-97.78622
863,Austin Craft Realty,78702,5.0,30.2607730606086,-97.7193087820373
864,512 Living,78705,1.5,30.288562,-97.745006
865,Great Pumpkin Properties,78746,4.0,30.27498,-97.79903
866,SEVEN Apartments,78701,4.0,30.2705843,-97.7490549
867,21 Rio,78705,4.0,30.28428,-97.74473
868,The Beverly Apartments,78701,4.0,30.2696017,-97.7355447
869,The Millennium Rainey St,78701,4.5,30.2601661682129,-97.7379379272461
870,Eleven by Windsor,78702,3.5,30.269297,-97.73195
871,Residology Furnished Suites,78701,5.0,30.2707290649414,-97.7432250976563
872,AMLI Downtown,78701,4.0,30.2650869637728,-97.7465119957924
873,The Brown Building,78701,5.0,30.27011,-97.74364
874,The Catherine,78704,4.0,30.2590325474739,-97.7471530437469
875,Congress Square Apartments,78704,5.0,30.2566871643066,-97.7482528686523
876,Ashton Austin,78701,4.0,30.26371,-97.7457
877,Windsor on the Lake,78701,4.0,30.25613,-97.73941
878,Indie,78702,5.0,30.26263,-97.7248
879,Whitley Apartments,78701,3.5,30.2650137348354,-97.7422456350588
880,Skyloft,78705,2.5,30.2863256328722,-97.74350713366
881,Park Terrace Apartments,78704,4.5,30.25949,-97.75662
882,Villa Nueces,78705,5.0,30.28545,-97.74365
883,The Bowie,78703,3.5,30.2692966,-97.753153
884,AMLI Eastside,78702,3.5,30.2687554721133,-97.7312207221985
885,SkyHouse Austin,78701,3.5,30.2575333333333,-97.739105
886,The Ruckus,78705,4.5,30.2896217,-97.7433355
887,Tia Rose Park Apartments,78751,4.5,30.3123993,-97.7307644
888,Regents West at 26th,78705,4.5,30.29099,-97.74649
889,West 24th Street Properties,78705,5.0,30.2888622283936,-97.752067565918
890,Gables Central Park by Gables Residential,78705,3.5,30.3039708945304,-97.7400537721602
891,Avesta Lamar Station,78751,4.5,30.31978,-97.7305499
892,GrandMarc,78705,5.0,30.290935,-97.742379
893,Echo,78751,3.5,30.3145879,-97.7361285
894,Skyloft,78705,2.5,30.2863256328722,-97.74350713366
895,Le Med,78756,4.0,30.3092208,-97.7435813
896,Chelsea On Lamar Apartments,78751,4.0,30.3195129,-97.7317612
897,Infinity Residences at the Triangle,78751,2.5,30.3149223511468,-97.7326848012509
898,Mesquite Tree Apartments,78705,4.5,30.28926,-97.75117
899,2400 Nueces,78705,3.5,30.288408,-97.743446
900,"NWI Enterprises, LLC",78705,5.0,30.296352,-97.735748
901,URBAN FLATS - SunWest,78705,5.0,30.30076,-97.7376
902,The Corner,78705,1.0,30.2902,-97.74779
903,Post West Austin,78731,2.5,30.3192486,-97.7549921
904,Buckingham Apartment Homes,78705,2.0,30.29996,-97.74333
905,Su Casa Apartments,78705,3.0,30.30196,-97.73366
906,Northwest Hills,78731,4.0,30.3585,-97.75079
907,Austin Midtown Apartments,78757,4.0,30.3563327789307,-97.7381820678711
908,Somerset Townhomes,78713,4.0,30.34967,-97.75083
909,The Place at Terracina Apartments,78759,3.5,30.3652904,-97.7447646
910,Juniper Springs,78731,3.5,30.3585532434665,-97.7483912710251
911,The Allandale Condos,78757,2.0,30.354254,-97.735688
912,Rockwood Apartments,78757,4.5,30.36877,-97.72956
913,ATX North,78757,2.5,30.35463,-97.72824
914,Abbey Road Apartments,78757,3.5,30.36503,-97.73003
915,Westdale Pointe,78731,2.0,30.3545025,-97.7523727
916,Marq on Burnet,78757,3.0,30.34264,-97.738
917,Le Montreaux,78759,3.5,30.36919,-97.745552
918,Greystone Flats,78731,2.0,30.35851,-97.75041
919,Village Christian Apartments,78757,5.0,30.36077,-97.73604
920,Argosy at Crestview,78757,3.5,30.3370609283447,-97.7222595214844
921,Westdale Parke,78731,1.5,30.357,-97.75189
922,Avistar,78731,2.0,30.356364,-97.750042
923,Woodchase Apartments,78757,3.0,30.36683,-97.730047
924,High Fidelity Properties,78766,5.0,30.35464,-97.73627
925,Arabella,78757,1.5,30.370548,-97.737175
926,SEVEN Apartments,78701,4.0,30.2705843,-97.7490549
927,21 Rio,78705,4.0,30.28428,-97.74473
928,The Beverly Apartments,78701,4.0,30.2696017,-97.7355447
929,The Millennium Rainey St,78701,4.5,30.2601661682129,-97.7379379272461
930,Eleven by Windsor,78702,3.5,30.269297,-97.73195
931,AMLI Downtown,78701,4.0,30.2650869637728,-97.7465119957924
932,Residology Furnished Suites,78701,5.0,30.2707290649414,-97.7432250976563
933,The Brown Building,78701,5.0,30.27011,-97.74364
934,The Catherine,78704,4.0,30.2590325474739,-97.7471530437469
935,Congress Square Apartments,78704,5.0,30.2566871643066,-97.7482528686523
936,Ashton Austin,78701,4.0,30.26371,-97.7457
937,Windsor on the Lake,78701,4.0,30.25613,-97.73941
938,Whitley Apartments,78701,3.5,30.2650137348354,-97.7422456350588
939,Indie,78702,5.0,30.26263,-97.7248
940,Park Terrace Apartments,78704,4.5,30.25949,-97.75662
941,Skyloft,78705,2.5,30.2863256328722,-97.74350713366
942,Villa Nueces,78705,5.0,30.28545,-97.74365
943,The Bowie,78703,3.5,30.2692966,-97.753153
944,AMLI Eastside,78702,3.5,30.2687554721133,-97.7312207221985
945,SkyHouse Austin,78701,3.5,30.2575333333333,-97.739105
946,SEVEN Apartments,78701,4.0,30.2705843,-97.7490549
947,21 Rio,78705,4.0,30.28428,-97.74473
948,The Beverly Apartments,78701,4.0,30.2696017,-97.7355447
949,The Millennium Rainey St,78701,4.5,30.2601661682129,-97.7379379272461
950,Eleven by Windsor,78702,3.5,30.269297,-97.73195
951,Residology Furnished Suites,78701,5.0,30.2707290649414,-97.7432250976563
952,AMLI Downtown,78701,4.0,30.2650869637728,-97.7465119957924
953,The Brown Building,78701,5.0,30.27011,-97.74364
954,The Catherine,78704,4.0,30.2590325474739,-97.7471530437469
955,Congress Square Apartments,78704,5.0,30.2566871643066,-97.7482528686523
956,Ashton Austin,78701,4.0,30.26371,-97.7457
957,Windsor on the Lake,78701,4.0,30.25613,-97.73941
958,Indie,78702,5.0,30.26263,-97.7248
959,Whitley Apartments,78701,3.5,30.2650137348354,-97.7422456350588
960,Skyloft,78705,2.5,30.2863256328722,-97.74350713366
961,Park Terrace Apartments,78704,4.5,30.25949,-97.75662
962,Villa Nueces,78705,5.0,30.28545,-97.74365
963,The Bowie,78703,3.5,30.2692966,-97.753153
964,AMLI Eastside,78702,3.5,30.2687554721133,-97.7312207221985
965,SkyHouse Austin,78701,3.5,30.2575333333333,-97.739105
966,SEVEN Apartments,78701,4.0,30.2705843,-97.7490549
967,21 Rio,78705,4.0,30.28428,-97.74473
968,The Beverly Apartments,78701,4.0,30.2696017,-97.7355447
969,The Millennium Rainey St,78701,4.5,30.2601661682129,-97.7379379272461
970,Eleven by Windsor,78702,3.5,30.269297,-97.73195
971,Residology Furnished Suites,78701,5.0,30.2707290649414,-97.7432250976563
972,AMLI Downtown,78701,4.0,30.2650869637728,-97.7465119957924
973,The Brown Building,78701,5.0,30.27011,-97.74364
974,The Catherine,78704,4.0,30.2590325474739,-97.7471530437469
975,Congress Square Apartments,78704,5.0,30.2566871643066,-97.7482528686523
976,Ashton Austin,78701,4.0,30.26371,-97.7457
977,Windsor on the Lake,78701,4.0,30.25613,-97.73941
978,Indie,78702,5.0,30.26263,-97.7248
979,Whitley Apartments,78701,3.5,30.2650137348354,-97.7422456350588
980,Skyloft,78705,2.5,30.2863256328722,-97.74350713366
981,Park Terrace Apartments,78704,4.5,30.25949,-97.75662
982,Villa Nueces,78705,5.0,30.28545,-97.74365
983,The Bowie,78703,3.5,30.2692966,-97.753153
984,AMLI Eastside,78702,3.5,30.2687554721133,-97.7312207221985
985,SkyHouse Austin,78701,3.5,30.2575333333333,-97.739105
986,Polaris on the Park,78741,4.5,30.2204501,-97.7445653
987,Easton Hills Apartments,78741,4.5,30.234663,-97.731773
988,First Call Properties,78745,4.5,30.229017,-97.788482
989,Montecito,78741,2.0,30.22356,-97.74197
990,Nu Edge Realty,78704,5.0,30.226017,-97.761842
991,Establishment,78704,3.0,30.231029,-97.765576
992,Grace Woods,78741,2.5,30.2243626,-97.746238
993,Whisper Hollow,78741,3.0,30.222545,-97.742586
994,Berkshire SoCo,78704,2.0,30.22519,-97.76192
995,Burl North,78741,5.0,30.228074,-97.735073
996,Chandelier,78741,2.5,30.22801,-97.7329
997,Forest Creek Village Apts,78704,4.0,30.2284955277456,-97.7461077894409
998,Hillside Creek,78741,3.0,30.23292,-97.73739
999,South Congress Commons,78704,2.0,30.22886,-97.7621
1000,The District at Soco,78704,3.0,30.236616,-97.751599
1001,Algarita,78704,2.5,30.23674,-97.74197
1002,Blunn Creek Apartments,78704,1.0,30.22538,-97.7521299
1003,The Social Apartments,78741,2.0,30.230614,-97.736895
1004,The Davis SoCo Apartments,78704,3.0,30.2256048470736,-97.7623779326677
1005,SoCo Flats,78745,5.0,30.21368,-97.76357
1006,Magnolia Court Apartments,78752,4.0,30.3239996731281,-97.6977346837521
1007,MacKenzie Pointe Apartments,78752,4.5,30.3255157470703,-97.6990737915039
1008,Cameron Villas,78752,4.5,30.330758,-97.691523
1009,Villas of La Costa,78752,4.0,30.3266258239746,-97.7011642456055
1010,Menlo at Mueller,78723,4.0,30.32081,-97.68711
1011,Elan Parkside Apartments,78752,5.0,30.3239209662788,-97.7135922852112
1012,Towne Oaks II Apartments,78753,5.0,30.34334,-97.69987
1013,Mueller Flats Apartments,78723,1.0,30.3187926348101,-97.7034980851806
1014,Austin Parke Apartments,78752,2.5,30.346492767334,-97.7074203491211
1015,Midtown Flats,78752,3.5,30.3383,-97.71603
1016,Vue,78752,1.0,30.3332416,-97.692206
1017,Wildwood Apartments,78752,1.5,30.3315296173096,-97.6887512207031
1018,Crestview Commons,78752,5.0,30.3416648,-97.7182981
1019,Towne Oaks I Apartments,78752,4.5,30.3419170379639,-97.701530456543
1020,Georgian Hills Apartments,78753,5.0,30.34554,-97.70381
1021,The Joplin at Crestview Apartments,78752,2.5,30.34056,-97.71577
1022,Chevy Chase Apartments,78752,3.0,30.3396724909544,-97.7048264443874
1023,Saint John's Square Apartments,78752,1.0,30.3349323272705,-97.7073211669922
1024,Cameron Greens Apartments,78723,2.0,30.3155193328857,-97.7029037475586
1025,Garden Path Apartment's,78753,1.0,30.343881,-97.701599
1026,The Ruckus,78705,4.5,30.2896217,-97.7433355
1027,21 Rio,78705,4.0,30.28428,-97.74473
1028,SEVEN Apartments,78701,4.0,30.2705843,-97.7490549
1029,Regents West at 26th,78705,4.5,30.29099,-97.74649
1030,West 24th Street Properties,78705,5.0,30.2888622283936,-97.752067565918
1031,Skyloft,78705,2.5,30.2863256328722,-97.74350713366
1032,Villa Nueces,78705,5.0,30.28545,-97.74365
1033,Eleven by Windsor,78702,3.5,30.269297,-97.73195
1034,The Beverly Apartments,78701,4.0,30.2696017,-97.7355447
1035,Residology Furnished Suites,78701,5.0,30.2707290649414,-97.7432250976563
1036,GrandMarc,78705,5.0,30.290935,-97.742379
1037,AMLI Downtown,78701,4.0,30.2650869637728,-97.7465119957924
1038,The Brown Building,78701,5.0,30.27011,-97.74364
1039,Indie,78702,5.0,30.26263,-97.7248
1040,2400 Nueces,78705,3.5,30.288408,-97.743446
1041,Ashton Austin,78701,4.0,30.26371,-97.7457
1042,The Bowie,78703,3.5,30.2692966,-97.753153
1043,AMLI Eastside,78702,3.5,30.2687554721133,-97.7312207221985
1044,Mesquite Tree Apartments,78705,4.5,30.28926,-97.75117
1045,Whitley Apartments,78701,3.5,30.2650137348354,-97.7422456350588
1046,The Ruckus,78705,4.5,30.2896217,-97.7433355
1047,21 Rio,78705,4.0,30.28428,-97.74473
1048,SEVEN Apartments,78701,4.0,30.2705843,-97.7490549
1049,Regents West at 26th,78705,4.5,30.29099,-97.74649
1050,West 24th Street Properties,78705,5.0,30.2888622283936,-97.752067565918
1051,Residology Furnished Suites,78701,5.0,30.2707290649414,-97.7432250976563
1052,The Beverly Apartments,78701,4.0,30.2696017,-97.7355447
1053,Eleven by Windsor,78702,3.5,30.269297,-97.73195
1054,Skyloft,78705,2.5,30.2863256328722,-97.74350713366
1055,Villa Nueces,78705,5.0,30.28545,-97.74365
1056,The Millennium Rainey St,78701,4.5,30.2601661682129,-97.7379379272461
1057,The Brown Building,78701,5.0,30.27011,-97.74364
1058,AMLI Downtown,78701,4.0,30.2650869637728,-97.7465119957924
1059,GrandMarc,78705,5.0,30.290935,-97.742379
1060,The Catherine,78704,4.0,30.2590325474739,-97.7471530437469
1061,Ashton Austin,78701,4.0,30.26371,-97.7457
1062,Park Terrace Apartments,78704,4.5,30.25949,-97.75662
1063,The Bowie,78703,3.5,30.2692966,-97.753153
1064,2400 Nueces,78705,3.5,30.288408,-97.743446
1065,Whitley Apartments,78701,3.5,30.2650137348354,-97.7422456350588
1066,AMLI 5350,78756,4.0,30.3272995520778,-97.7399806134224
1067,Post West Austin,78731,2.5,30.3192486,-97.7549921
1068,Burnet Flats Luxury Apartments,78756,3.5,30.33001,-97.73949
1069,Gables Central Park by Gables Residential,78705,3.5,30.3039708945304,-97.7400537721602
1070,Kensington Green Apts,78756,3.0,30.32679,-97.74128
1071,Le Med,78756,4.0,30.3092208,-97.7435813
1072,Residology Furnished Suites,78701,5.0,30.2707290649414,-97.7432250976563
1073,State Street Properties,78703,4.0,30.308896,-97.754792
1074,URBAN FLATS - SunWest,78705,5.0,30.30076,-97.7376
1075,Nu Edge Realty,78704,5.0,30.226017,-97.761842
1076,Buckingham Apartment Homes,78705,2.0,30.29996,-97.74333
1077,Miller Properties,78705,3.5,30.300672,-97.734531
1078,Philip Hitt- Austin Central Apartments,78702,5.0,30.26163,-97.71942
1079,The Rosedale,78756,1.5,30.32478,-97.74122
1080,Jef Hahl - Allure Real Estate,78756,5.0,30.3199221,-97.7383593
1081,Stewart Lane - Strub Residential,78756,5.0,30.3107499,-97.741753
1082,Ballou Properties,78705,5.0,30.3029760964429,-97.7461347306885
1083,Mara Macon - JB Goodwin Realtors,78759,5.0,30.3349161,-97.7565172
1084,Alori Properties,78705,3.5,30.3020133972168,-97.7372817993164
1085,Austin City Living,78731,4.0,30.3404,-97.75561
1086,The Ruckus,78705,4.5,30.2896217,-97.7433355
1087,West 24th Street Properties,78705,5.0,30.2888622283936,-97.752067565918
1088,Regents West at 26th,78705,4.5,30.29099,-97.74649
1089,GrandMarc,78705,5.0,30.290935,-97.742379
1090,Residology Furnished Suites,78701,5.0,30.2707290649414,-97.7432250976563
1091,Nu Edge Realty,78704,5.0,30.226017,-97.761842
1092,Antilles Apartments,78703,3.5,30.2876682281494,-97.7661972045898
1093,Gables Central Park by Gables Residential,78705,3.5,30.3039708945304,-97.7400537721602
1094,Mesquite Tree Apartments,78705,4.5,30.28926,-97.75117
1095,Philip Hitt- Austin Central Apartments,78702,5.0,30.26163,-97.71942
1096,2400 Nueces,78705,3.5,30.288408,-97.743446
1097,Post West Austin,78731,2.5,30.3192486,-97.7549921
1098,Le Med,78756,4.0,30.3092208,-97.7435813
1099,The Corner,78705,1.0,30.2902,-97.74779
1100,Viewpoint Apartments,78705,4.5,30.29105,-97.74938
1101,Apartment Locator Pierre Megie,78758,5.0,30.4177437,-97.7002716
1102,26 West,78705,1.5,30.29111,-97.74346
1103,Miller Properties,78705,3.5,30.300672,-97.734531
1104,ATX Properties,78703,5.0,30.2897141349507,-97.7714801154987
1105,Will Garrison,78738,5.0,30.30735,-97.93882
1106,The Ruckus,78705,4.5,30.2896217,-97.7433355
1107,West 24th Street Properties,78705,5.0,30.2888622283936,-97.752067565918
1108,Regents West at 26th,78705,4.5,30.29099,-97.74649
1109,GrandMarc,78705,5.0,30.290935,-97.742379
1110,Residology Furnished Suites,78701,5.0,30.2707290649414,-97.7432250976563
1111,Nu Edge Realty,78704,5.0,30.226017,-97.761842
1112,Antilles Apartments,78703,3.5,30.2876682281494,-97.7661972045898
1113,Gables Central Park by Gables Residential,78705,3.5,30.3039708945304,-97.7400537721602
1114,Mesquite Tree Apartments,78705,4.5,30.28926,-97.75117
1115,Philip Hitt- Austin Central Apartments,78702,5.0,30.26163,-97.71942
1116,2400 Nueces,78705,3.5,30.288408,-97.743446
1117,Post West Austin,78731,2.5,30.3192486,-97.7549921
1118,Le Med,78756,4.0,30.3092208,-97.7435813
1119,The Corner,78705,1.0,30.2902,-97.74779
1120,Viewpoint Apartments,78705,4.5,30.29105,-97.74938
1121,Apartment Locator Pierre Megie,78758,5.0,30.4177437,-97.7002716
1122,26 West,78705,1.5,30.29111,-97.74346
1123,Miller Properties,78705,3.5,30.300672,-97.734531
1124,ATX Properties,78703,5.0,30.2897141349507,-97.7714801154987
1125,Will Garrison,78738,5.0,30.30735,-97.93882
1126,SEVEN Apartments,78701,4.0,30.2705843,-97.7490549
1127,21 Rio,78705,4.0,30.28428,-97.74473
1128,The Beverly Apartments,78701,4.0,30.2696017,-97.7355447
1129,The Millennium Rainey St,78701,4.5,30.2601661682129,-97.7379379272461
1130,Eleven by Windsor,78702,3.5,30.269297,-97.73195
1131,Residology Furnished Suites,78701,5.0,30.2707290649414,-97.7432250976563
1132,AMLI Downtown,78701,4.0,30.2650869637728,-97.7465119957924
1133,The Brown Building,78701,5.0,30.27011,-97.74364
1134,The Catherine,78704,4.0,30.2590325474739,-97.7471530437469
1135,Congress Square Apartments,78704,5.0,30.2566871643066,-97.7482528686523
1136,Ashton Austin,78701,4.0,30.26371,-97.7457
1137,Windsor on the Lake,78701,4.0,30.25613,-97.73941
1138,Indie,78702,5.0,30.26263,-97.7248
1139,Whitley Apartments,78701,3.5,30.2650137348354,-97.7422456350588
1140,Skyloft,78705,2.5,30.2863256328722,-97.74350713366
1141,Park Terrace Apartments,78704,4.5,30.25949,-97.75662
1142,Villa Nueces,78705,5.0,30.28545,-97.74365
1143,The Bowie,78703,3.5,30.2692966,-97.753153
1144,AMLI Eastside,78702,3.5,30.2687554721133,-97.7312207221985
1145,SkyHouse Austin,78701,3.5,30.2575333333333,-97.739105
1146,The Ruckus,78705,4.5,30.2896217,-97.7433355
1147,West 24th Street Properties,78705,5.0,30.2888622283936,-97.752067565918
1148,Regents West at 26th,78705,4.5,30.29099,-97.74649
1149,GrandMarc,78705,5.0,30.290935,-97.742379
1150,Residology Furnished Suites,78701,5.0,30.2707290649414,-97.7432250976563
1151,Nu Edge Realty,78704,5.0,30.226017,-97.761842
1152,Antilles Apartments,78703,3.5,30.2876682281494,-97.7661972045898
1153,Gables Central Park by Gables Residential,78705,3.5,30.3039708945304,-97.7400537721602
1154,Mesquite Tree Apartments,78705,4.5,30.28926,-97.75117
1155,Philip Hitt- Austin Central Apartments,78702,5.0,30.26163,-97.71942
1156,2400 Nueces,78705,3.5,30.288408,-97.743446
1157,Post West Austin,78731,2.5,30.3192486,-97.7549921
1158,Le Med,78756,4.0,30.3092208,-97.7435813
1159,The Corner,78705,1.0,30.2902,-97.74779
1160,Viewpoint Apartments,78705,4.5,30.29105,-97.74938
1161,Apartment Locator Pierre Megie,78758,5.0,30.4177437,-97.7002716
1162,26 West,78705,1.5,30.29111,-97.74346
1163,Miller Properties,78705,3.5,30.300672,-97.734531
1164,ATX Properties,78703,5.0,30.2897141349507,-97.7714801154987
1165,Will Garrison,78738,5.0,30.30735,-97.93882
1166,The Ruckus,78705,4.5,30.2896217,-97.7433355
1167,West 24th Street Properties,78705,5.0,30.2888622283936,-97.752067565918
1168,Regents West at 26th,78705,4.5,30.29099,-97.74649
1169,GrandMarc,78705,5.0,30.290935,-97.742379
1170,Residology Furnished Suites,78701,5.0,30.2707290649414,-97.7432250976563
1171,Nu Edge Realty,78704,5.0,30.226017,-97.761842
1172,Antilles Apartments,78703,3.5,30.2876682281494,-97.7661972045898
1173,Gables Central Park by Gables Residential,78705,3.5,30.3039708945304,-97.7400537721602
1174,Mesquite Tree Apartments,78705,4.5,30.28926,-97.75117
1175,Philip Hitt- Austin Central Apartments,78702,5.0,30.26163,-97.71942
1176,2400 Nueces,78705,3.5,30.288408,-97.743446
1177,Post West Austin,78731,2.5,30.3192486,-97.7549921
1178,Le Med,78756,4.0,30.3092208,-97.7435813
1179,The Corner,78705,1.0,30.2902,-97.74779
1180,Viewpoint Apartments,78705,4.5,30.29105,-97.74938
1181,Apartment Locator Pierre Megie,78758,5.0,30.4177437,-97.7002716
1182,26 West,78705,1.5,30.29111,-97.74346
1183,Miller Properties,78705,3.5,30.300672,-97.734531
1184,ATX Properties,78703,5.0,30.2897141349507,-97.7714801154987
1185,Will Garrison,78738,5.0,30.30735,-97.93882
1186,7East Apartments,78702,4.0,30.2615966796875,-97.7198181152344
1187,Platform Apartments,78702,4.5,30.28114,-97.71041
1188,Eleven by Windsor,78702,3.5,30.269297,-97.73195
1189,Alexan E6,78702,5.0,30.2596814358705,-97.7173832058907
1190,Indie,78702,5.0,30.26263,-97.7248
1191,The Beverly Apartments,78701,4.0,30.2696017,-97.7355447
1192,Elan East Apartments,78722,3.0,30.28589,-97.71033
1193,Villas On Sixth,78702,5.0,30.26069,-97.72047
1194,Philip Hitt- Austin Central Apartments,78702,5.0,30.26163,-97.71942
1195,AMLI Eastside,78702,3.5,30.2687554721133,-97.7312207221985
1196,Eastside Station,78702,2.0,30.26085,-97.72514
1197,The Arnold,78702,2.5,30.2625,-97.72514
1198,Corazon Apartments,78702,2.5,30.2643,-97.7323
1199,Volume Apartments,78722,2.0,30.2850009,-97.7153836
1200,Seville On 4th,78702,5.0,30.2615966796875,-97.7292633056641
1201,Eastside Commons,78722,1.5,30.2841873168945,-97.7166290283203
1202,Austin Craft Realty,78702,5.0,30.2607730606086,-97.7193087820373
1203,M Station,78702,1.5,30.2832872001906,-97.7079521635275
1204,Pauly Presley Realty,78702,5.0,30.2590447,-97.7153736
1205,River Oaks Apartments,78705,2.5,30.2894956239296,-97.7275139093399
1206,The Ruckus,78705,4.5,30.2896217,-97.7433355
1207,West 24th Street Properties,78705,5.0,30.2888622283936,-97.752067565918
1208,Regents West at 26th,78705,4.5,30.29099,-97.74649
1209,GrandMarc,78705,5.0,30.290935,-97.742379
1210,Residology Furnished Suites,78701,5.0,30.2707290649414,-97.7432250976563
1211,Nu Edge Realty,78704,5.0,30.226017,-97.761842
1212,Antilles Apartments,78703,3.5,30.2876682281494,-97.7661972045898
1213,Gables Central Park by Gables Residential,78705,3.5,30.3039708945304,-97.7400537721602
1214,Mesquite Tree Apartments,78705,4.5,30.28926,-97.75117
1215,Philip Hitt- Austin Central Apartments,78702,5.0,30.26163,-97.71942
1216,2400 Nueces,78705,3.5,30.288408,-97.743446
1217,Post West Austin,78731,2.5,30.3192486,-97.7549921
1218,Le Med,78756,4.0,30.3092208,-97.7435813
1219,The Corner,78705,1.0,30.2902,-97.74779
1220,Viewpoint Apartments,78705,4.5,30.29105,-97.74938
1221,Apartment Locator Pierre Megie,78758,5.0,30.4177437,-97.7002716
1222,26 West,78705,1.5,30.29111,-97.74346
1223,Miller Properties,78705,3.5,30.300672,-97.734531
1224,ATX Properties,78703,5.0,30.2897141349507,-97.7714801154987
1225,Will Garrison,78738,5.0,30.30735,-97.93882
1226,The Ruckus,78705,4.5,30.2896217,-97.7433355
1227,West 24th Street Properties,78705,5.0,30.2888622283936,-97.752067565918
1228,Regents West at 26th,78705,4.5,30.29099,-97.74649
1229,GrandMarc,78705,5.0,30.290935,-97.742379
1230,Residology Furnished Suites,78701,5.0,30.2707290649414,-97.7432250976563
1231,Nu Edge Realty,78704,5.0,30.226017,-97.761842
1232,Antilles Apartments,78703,3.5,30.2876682281494,-97.7661972045898
1233,Gables Central Park by Gables Residential,78705,3.5,30.3039708945304,-97.7400537721602
1234,Mesquite Tree Apartments,78705,4.5,30.28926,-97.75117
1235,Philip Hitt- Austin Central Apartments,78702,5.0,30.26163,-97.71942
1236,2400 Nueces,78705,3.5,30.288408,-97.743446
1237,Post West Austin,78731,2.5,30.3192486,-97.7549921
1238,Le Med,78756,4.0,30.3092208,-97.7435813
1239,The Corner,78705,1.0,30.2902,-97.74779
1240,Viewpoint Apartments,78705,4.5,30.29105,-97.74938
1241,Apartment Locator Pierre Megie,78758,5.0,30.4177437,-97.7002716
1242,26 West,78705,1.5,30.29111,-97.74346
1243,Miller Properties,78705,3.5,30.300672,-97.734531
1244,ATX Properties,78703,5.0,30.2897141349507,-97.7714801154987
1245,Will Garrison,78738,5.0,30.30735,-97.93882
1246,The Ruckus,78705,4.5,30.2896217,-97.7433355
1247,West 24th Street Properties,78705,5.0,30.2888622283936,-97.752067565918
1248,Regents West at 26th,78705,4.5,30.29099,-97.74649
1249,GrandMarc,78705,5.0,30.290935,-97.742379
1250,Residology Furnished Suites,78701,5.0,30.2707290649414,-97.7432250976563
1251,Nu Edge Realty,78704,5.0,30.226017,-97.761842
1252,Antilles Apartments,78703,3.5,30.2876682281494,-97.7661972045898
1253,Gables Central Park by Gables Residential,78705,3.5,30.3039708945304,-97.7400537721602
1254,Mesquite Tree Apartments,78705,4.5,30.28926,-97.75117
1255,Philip Hitt- Austin Central Apartments,78702,5.0,30.26163,-97.71942
1256,2400 Nueces,78705,3.5,30.288408,-97.743446
1257,Post West Austin,78731,2.5,30.3192486,-97.7549921
1258,Le Med,78756,4.0,30.3092208,-97.7435813
1259,The Corner,78705,1.0,30.2902,-97.74779
1260,Viewpoint Apartments,78705,4.5,30.29105,-97.74938
1261,Apartment Locator Pierre Megie,78758,5.0,30.4177437,-97.7002716
1262,26 West,78705,1.5,30.29111,-97.74346
1263,Miller Properties,78705,3.5,30.300672,-97.734531
1264,ATX Properties,78703,5.0,30.2897141349507,-97.7714801154987
1265,Will Garrison,78738,5.0,30.30735,-97.93882
